name,id,minutes,goals_scored,assists,clean_sheets,goals_conceded,own_goals,penalties_saved,penalties_missed,yellow_cards,red_cards,saves,bonus,bps,influence,creativity,threat,ict_index,starts,expected_goals,expected_assists,expected_goal_involvements,expected_goals_conceded,total_points,in_dreamteam,fixture,team,position,price,team_a,team_h,team_a_score,team_h_score,was_home,opponent,gameweek
David Raya Martín,1,90,0,0,1,0,0,0,0,0,0,1,0,24,11.8,0.0,0.0,1.2,1,0.00,0.00,0.00,0.20,6,False,1,Arsenal,GK,60,Coventry City,Arsenal,0,3,True,Coventry City,1
Kepa Arrizabalaga Revuelta,2,0,0,0,0,0,0,0,0,0,0,0,0,0,0.0,0.0,0.0,0.0,0,0.00,0.00,0.00,0.00,0,False,1,Arsenal,GK,50,Coventry City,Arsenal,0,3,True,Coventry City,1
Illan Meslier,3,0,0,0,0,0,0,0,0,0,0,0,0,0,0.0,0.0,0.0,0.0,0,0.00,0.00,0.00,0.00,0,False,1,Arsenal,GK,50,Coventry City,Arsenal,0,3,True,Coventry City,1
Gabriel dos Santos Magalhães,4,90,0,0,1,0,0,0,0,1,0,0,0,21,6.6,1.8,1.0,0.9,1,0.05,0.01,0.06,0.20,5,False,1,Arsenal,DEF,80,Coventry City,Arsenal,0,3,True,Coventry City,1
Jurriën Timber,5,0,0,0,0,0,0,0,0,0,0,0,0,0,0.0,0.0,0.0,0.0,0,0.00,0.00,0.00,0.00,0,False,1,Arsenal,DEF,65,Coventry City,Arsenal,0,3,True,Coventry City,1
William Saliba,6,0,0,0,0,0,0,0,0,0,0,0,0,0,0.0,0.0,0.0,0.0,0,0.00,0.00,0.00,0.00,0,False,1,Arsenal,DEF,60,Coventry City,Arsenal,0,3,True,Coventry City,1
Myles Lewis-Skelly,7,90,0,0,1,0,0,0,0,0,0,0,0,15,11.0,22.9,7.0,4.1,1,0.06,0.11,0.17,0.20,3,False,1,Arsenal,MID,55,Coventry City,Arsenal,0,3,True,Coventry City,1
Riccardo Calafiori,8,80,0,1,1,0,0,0,0,0,0,0,0,31,26.0,12.2,4.0,4.2,1,0.04,0.09,0.13,0.06,9,False,1,Arsenal,DEF,55,Coventry City,Arsenal,0,3,True,Coventry City,1
Piero Hincapié,9,9,0,0,0,0,0,0,0,0,0,0,0,3,0.4,0.5,0.0,0.1,0,0.00,0.00,0.00,0.15,1,False,1,Arsenal,DEF,55,Coventry City,Arsenal,0,3,True,Coventry City,1
Benjamin White,10,90,0,1,1,0,0,0,0,0,0,0,2,37,33.2,26.8,13.0,7.3,1,0.18,0.21,0.39,0.20,11,False,1,Arsenal,DEF,55,Coventry City,Arsenal,0,3,True,Coventry City,1
Cristhian Mosquera,11,90,0,0,1,0,0,0,0,0,0,0,0,27,14.4,0.6,0.0,1.5,1,0.00,0.00,0.00,0.20,6,False,1,Arsenal,DEF,55,Coventry City,Arsenal,0,3,True,Coventry City,1
Bukayo Saka,12,67,1,0,1,0,0,0,0,0,0,0,1,36,42.8,26.1,33.0,10.2,1,0.64,0.08,0.72,0.06,9,False,1,Arsenal,MID,95,Coventry City,Arsenal,0,3,True,Coventry City,1
Declan Rice,13,67,0,0,1,0,0,0,0,0,0,0,0,10,6.8,6.4,2.0,1.5,1,0.07,0.08,0.15,0.06,3,False,1,Arsenal,MID,75,Coventry City,Arsenal,0,3,True,Coventry City,1
Eberechi Eze,14,14,0,0,0,0,0,0,0,0,0,0,0,4,0.0,1.8,1.0,0.1,0,0.04,0.00,0.04,0.15,1,False,1,Arsenal,MID,65,Coventry City,Arsenal,0,3,True,Coventry City,1
Martin Ødegaard,15,75,1,0,1,0,0,0,0,0,0,0,3,41,50.6,41.5,31.0,12.3,1,0.21,0.10,0.31,0.06,11,False,1,Arsenal,MID,65,Coventry City,Arsenal,0,3,True,Coventry City,1
Noni Madueke,16,22,0,0,0,0,0,0,0,0,0,0,0,8,9.4,43.1,0.0,5.3,0,0.00,0.04,0.04,0.15,1,False,1,Arsenal,MID,65,Coventry City,Arsenal,0,3,True,Coventry City,1
Mikel Merino Zazón,17,14,0,0,0,0,0,0,0,0,0,0,0,5,3.6,1.2,14.0,1.9,0,0.14,0.02,0.16,0.15,1,False,1,Arsenal,MID,60,Coventry City,Arsenal,0,3,True,Coventry City,1
Gabriel Martinelli Silva,18,0,0,0,0,0,0,0,0,0,0,0,0,0,0.0,0.0,0.0,0.0,0,0.00,0.00,0.00,0.00,0,False,1,Arsenal,MID,65,Coventry City,Arsenal,0,3,True,Coventry City,1
Martín Zubimendi Ibáñez,19,22,0,0,0,0,0,0,0,0,0,0,0,3,3.8,2.3,0.0,0.6,0,0.00,0.02,0.02,0.15,1,False,1,Arsenal,MID,55,Coventry City,Arsenal,0,3,True,Coventry City,1
Max Dowman,20,0,0,0,0,0,0,0,0,0,0,0,0,0,0.0,0.0,0.0,0.0,0,0.00,0.00,0.00,0.00,0,False,1,Arsenal,MID,55,Coventry City,Arsenal,0,3,True,Coventry City,1
Christian Nørgaard,21,0,0,0,0,0,0,0,0,0,0,0,0,0,0.0,0.0,0.0,0.0,0,0.00,0.00,0.00,0.00,0,False,3,Everton,MID,50,Crystal Palace,Everton,0,2,True,Crystal Palace,1
Ethan Nwaneri,22,0,0,0,0,0,0,0,0,0,0,0,0,0,0.0,0.0,0.0,0.0,0,0.00,0.00,0.00,0.00,0,False,1,Arsenal,MID,55,Coventry City,Arsenal,0,3,True,Coventry City,1
Fábio Ferreira Vieira,23,0,0,0,0,0,0,0,0,0,0,0,0,0,0.0,0.0,0.0,0.0,0,0.00,0.00,0.00,0.00,0,False,1,Arsenal,MID,55,Coventry City,Arsenal,0,3,True,Coventry City,1
Reiss Nelson,24,0,0,0,0,0,0,0,0,0,0,0,0,0,0.0,0.0,0.0,0.0,0,0.00,0.00,0.00,0.00,0,False,1,Arsenal,MID,55,Coventry City,Arsenal,0,3,True,Coventry City,1
Viktor Gyökeres,25,0,0,0,0,0,0,0,0,0,0,0,0,0,0.0,0.0,0.0,0.0,0,0.00,0.00,0.00,0.00,0,False,1,Arsenal,FWD,75,Coventry City,Arsenal,0,3,True,Coventry City,1
Kai Havertz,26,90,1,0,1,0,0,0,0,0,0,0,0,34,37.2,13.2,25.0,7.5,1,0.26,0.03,0.29,0.20,6,False,1,Arsenal,FWD,75,Coventry City,Arsenal,0,3,True,Coventry City,1
Gabriel Fernando de Jesus,27,0,0,0,0,0,0,0,0,0,0,0,0,0,0.0,0.0,0.0,0.0,0,0.00,0.00,0.00,0.00,0,False,1,Arsenal,FWD,60,Coventry City,Arsenal,0,3,True,Coventry City,1
Emiliano Martínez Romero,28,0,0,0,0,0,0,0,0,0,0,0,0,0,0.0,0.0,0.0,0.0,0,0.00,0.00,0.00,0.00,0,False,7,Aston Villa,GK,50,Aston Villa,Brighton,0,4,False,Brighton,1
Marco Bizot,29,90,0,0,0,4,0,0,0,0,0,3,0,1,28.2,0.0,0.0,2.8,1,0.00,0.00,0.00,3.77,1,False,7,Aston Villa,GK,45,Aston Villa,Brighton,0,4,False,Brighton,1
Lucas Digne,30,0,0,0,0,0,0,0,0,0,0,0,0,0,0.0,0.0,0.0,0.0,0,0.00,0.00,0.00,0.00,0,False,7,Aston Villa,DEF,45,Aston Villa,Brighton,0,4,False,Brighton,1
Ezri Konsa Ngoyo,31,0,0,0,0,0,0,0,0,0,0,0,0,0,0.0,0.0,0.0,0.0,0,0.00,0.00,0.00,0.00,0,False,1,Arsenal,DEF,45,Coventry City,Arsenal,0,3,True,Coventry City,1
Matty Cash,32,90,0,0,0,4,0,0,0,1,0,0,0,-8,12.0,1.1,0.0,1.3,1,0.00,0.00,0.00,3.77,-1,False,7,Aston Villa,DEF,45,Aston Villa,Brighton,0,4,False,Brighton,1
Tyrone Mings,33,16,0,0,0,0,0,0,0,0,0,0,0,5,2.0,0.0,0.0,0.2,0,0.00,0.00,0.00,0.22,1,False,7,Aston Villa,DEF,45,Aston Villa,Brighton,0,4,False,Brighton,1
Pau Torres,34,73,0,0,0,4,0,0,0,0,0,0,0,-14,0.0,0.7,0.0,0.0,1,0.00,0.00,0.00,3.55,0,False,7,Aston Villa,DEF,45,Aston Villa,Brighton,0,4,False,Brighton,1
Lamare Bogarde,35,16,0,0,0,0,0,0,0,0,0,0,0,3,2.2,0.5,0.0,0.3,0,0.00,0.00,0.00,0.22,1,False,7,Aston Villa,MID,50,Aston Villa,Brighton,0,4,False,Brighton,1
Ian Maatsen,36,81,0,0,0,4,0,0,0,0,0,0,0,-9,9.2,0.8,3.0,1.3,1,0.03,0.00,0.03,3.62,0,False,7,Aston Villa,DEF,45,Aston Villa,Brighton,0,4,False,Brighton,1
Victor Lindelöf,37,90,0,0,0,4,1,0,0,0,0,0,0,-13,1.8,0.1,0.0,0.2,1,0.00,0.00,0.00,3.77,-2,False,7,Aston Villa,DEF,45,Aston Villa,Brighton,0,4,False,Brighton,1
Andrés García,38,0,0,0,0,0,0,0,0,0,0,0,0,0,0.0,0.0,0.0,0.0,0,0.00,0.00,0.00,0.00,0,False,7,Aston Villa,DEF,40,Aston Villa,Brighton,0,4,False,Brighton,1
Kosta Nedeljkovic,39,0,0,0,0,0,0,0,0,0,0,0,0,0,0.0,0.0,0.0,0.0,0,0.00,0.00,0.00,0.00,0,False,7,Aston Villa,DEF,40,Aston Villa,Brighton,0,4,False,Brighton,1
Morgan Rogers,40,81,1,0,0,2,0,0,0,0,0,0,1,37,48.8,53.5,29.0,13.1,1,0.96,0.10,1.06,1.24,8,False,10,Chelsea,MID,75,Chelsea,Fulham,3,2,False,Fulham,1
Emiliano Buendía Stati,41,85,0,0,0,4,0,0,0,0,0,0,0,4,0.0,16.3,8.0,2.2,1,0.13,0.09,0.22,3.62,2,False,7,Aston Villa,MID,60,Aston Villa,Brighton,0,4,False,Brighton,1
Evann Guessand,42,27,0,0,0,0,0,0,0,0,0,0,0,3,3.2,1.8,7.0,1.2,0,0.03,0.02,0.05,0.14,1,False,3,Crystal Palace,MID,55,Crystal Palace,Everton,0,2,False,Everton,1
Youri Tielemans,43,66,0,0,0,2,0,0,0,0,0,0,0,13,5.0,11.3,4.0,2.0,1,0.04,0.11,0.15,0.94,2,False,4,Manchester United,MID,60,Manchester United,Hull City,0,2,False,Hull City,1
Leon Bailey,44,0,0,0,0,0,0,0,0,0,0,0,0,0,0.0,0.0,0.0,0.0,0,0.00,0.00,0.00,0.00,0,False,7,Aston Villa,MID,55,Aston Villa,Brighton,0,4,False,Brighton,1
John McGinn,45,81,0,0,0,4,0,0,0,1,0,0,0,8,1.6,2.4,1.0,0.5,1,0.04,0.01,0.05,3.62,1,False,7,Aston Villa,MID,55,Aston Villa,Brighton,0,4,False,Brighton,1
Ross Barkley,46,73,0,0,0,4,0,0,0,0,0,0,0,11,9.4,21.4,7.0,3.8,1,0.10,0.02,0.12,3.55,2,False,7,Aston Villa,MID,50,Aston Villa,Brighton,0,4,False,Brighton,1
Boubacar Kamara,47,90,0,0,0,4,0,0,0,0,0,0,0,9,11.2,2.8,0.0,1.4,1,0.00,0.00,0.00,3.77,2,False,7,Aston Villa,MID,50,Aston Villa,Brighton,0,4,False,Brighton,1
Amadou Onana,48,0,0,0,0,0,0,0,0,0,0,0,0,0,0.0,0.0,0.0,0.0,0,0.00,0.00,0.00,0.00,0,False,7,Aston Villa,MID,50,Aston Villa,Brighton,0,4,False,Brighton,1
Samuel Iling-Junior,49,0,0,0,0,0,0,0,0,0,0,0,0,0,0.0,0.0,0.0,0.0,0,0.00,0.00,0.00,0.00,0,False,7,Aston Villa,MID,50,Aston Villa,Brighton,0,4,False,Brighton,1
Bradley Burrowes,50,0,0,0,0,0,0,0,0,0,0,0,0,0,0.0,0.0,0.0,0.0,0,0.00,0.00,0.00,0.00,0,False,7,Aston Villa,MID,45,Aston Villa,Brighton,0,4,False,Brighton,1
George Hemmings,51,90,0,0,0,4,0,0,0,0,0,0,0,12,10.6,11.6,2.0,2.4,1,0.00,0.00,0.00,3.77,2,False,7,Aston Villa,MID,45,Aston Villa,Brighton,0,4,False,Brighton,1
Alysson Edward Franco da Rocha dos Santos,52,8,0,0,0,0,0,0,0,0,0,0,0,5,4.0,0.0,0.0,0.4,0,0.00,0.00,0.00,0.14,1,False,7,Aston Villa,MID,50,Aston Villa,Brighton,0,4,False,Brighton,1
Johan Manzambi,53,0,0,0,0,0,0,0,0,0,0,0,0,0,0.0,0.0,0.0,0.0,0,0.00,0.00,0.00,0.00,0,False,7,Aston Villa,MID,60,Aston Villa,Brighton,0,4,False,Brighton,1
Joao Gomes,54,39,0,0,0,4,0,0,0,0,1,0,0,-2,1.0,11.0,0.0,1.2,1,0.00,0.01,0.01,2.58,-2,False,7,Aston Villa,MID,55,Aston Villa,Brighton,0,4,False,Brighton,1
Ollie Watkins,55,0,0,0,0,0,0,0,0,0,0,0,0,0,0.0,0.0,0.0,0.0,0,0.00,0.00,0.00,0.00,0,False,7,Aston Villa,FWD,80,Aston Villa,Brighton,0,4,False,Brighton,1
Tammy Abraham,56,0,0,0,0,0,0,0,0,0,0,0,0,0,0.0,0.0,0.0,0.0,0,0.00,0.00,0.00,0.00,0,False,7,Aston Villa,FWD,55,Aston Villa,Brighton,0,4,False,Brighton,1
Đorđe Petrović,57,90,0,0,0,2,0,0,0,0,0,4,0,13,36.8,0.0,0.0,3.7,1,0.00,0.00,0.00,2.25,2,False,8,Bournemouth,GK,45,Bournemouth,Manchester City,1,2,False,Manchester City,1
Fraser Forster,58,0,0,0,0,0,0,0,0,0,0,0,0,0,0.0,0.0,0.0,0.0,0,0.00,0.00,0.00,0.00,0,False,8,Bournemouth,GK,40,Bournemouth,Manchester City,1,2,False,Manchester City,1
Will Dennis,59,0,0,0,0,0,0,0,0,0,0,0,0,0,0.0,0.0,0.0,0.0,0,0.00,0.00,0.00,0.00,0,False,8,Bournemouth,GK,40,Bournemouth,Manchester City,1,2,False,Manchester City,1
James Hill,60,90,0,0,0,2,0,0,0,0,0,0,0,0,11.6,0.3,0.0,1.2,1,0.00,0.00,0.00,2.25,1,False,8,Bournemouth,DEF,55,Bournemouth,Manchester City,1,2,False,Manchester City,1
Adrien Truffert,61,90,0,0,0,2,0,0,0,0,0,0,0,0,15.4,1.3,0.0,1.7,1,0.00,0.00,0.00,2.25,1,False,8,Bournemouth,DEF,55,Bournemouth,Manchester City,1,2,False,Manchester City,1
Bafodé Diakité,62,0,0,0,0,0,0,0,0,0,0,0,0,0,0.0,0.0,0.0,0.0,0,0.00,0.00,0.00,0.00,0,False,8,Bournemouth,DEF,50,Bournemouth,Manchester City,1,2,False,Manchester City,1
Veljko Milosavljevic,63,0,0,0,0,0,0,0,0,0,0,0,0,0,0.0,0.0,0.0,0.0,0,0.00,0.00,0.00,0.00,0,False,8,Bournemouth,DEF,50,Bournemouth,Manchester City,1,2,False,Manchester City,1
Adam Smith,64,90,0,0,0,2,0,0,0,0,0,0,0,4,7.0,0.6,0.0,0.8,1,0.00,0.00,0.00,2.25,1,False,8,Bournemouth,DEF,45,Bournemouth,Manchester City,1,2,False,Manchester City,1
Julián Araujo Zúñiga,65,0,0,0,0,0,0,0,0,0,0,0,0,0,0.0,0.0,0.0,0.0,0,0.00,0.00,0.00,0.00,0,False,8,Bournemouth,DEF,45,Bournemouth,Manchester City,1,2,False,Manchester City,1
Julio Soler Barreto,66,0,0,0,0,0,0,0,0,0,0,0,0,0,0.0,0.0,0.0,0.0,0,0.00,0.00,0.00,0.00,0,False,8,Bournemouth,DEF,40,Bournemouth,Manchester City,1,2,False,Manchester City,1
Rayan Vitor Simplício Rocha,67,88,0,0,0,1,0,0,0,0,0,0,0,9,6.2,11.3,17.0,3.5,1,0.04,0.03,0.07,2.06,2,False,8,Bournemouth,MID,65,Bournemouth,Manchester City,1,2,False,Manchester City,1
Marcus Tavernier,68,90,1,0,0,2,0,0,0,0,0,0,3,32,40.0,17.2,18.0,7.5,1,0.40,0.08,0.48,2.25,10,False,8,Bournemouth,MID,60,Bournemouth,Manchester City,1,2,False,Manchester City,1
Alex Scott,69,90,0,0,0,2,0,0,0,0,0,0,0,17,11.4,4.8,0.0,1.6,1,0.00,0.01,0.01,2.25,2,False,8,Bournemouth,MID,60,Bournemouth,Manchester City,1,2,False,Manchester City,1
Justin Kluivert,70,74,0,0,1,0,0,0,0,0,0,0,0,15,11.0,14.3,17.0,4.2,1,0.11,0.00,0.11,1.94,3,False,8,Bournemouth,MID,60,Bournemouth,Manchester City,1,2,False,Manchester City,1
Lewis Cook,71,75,0,0,1,0,0,0,0,0,0,0,0,8,4.6,2.1,0.0,0.7,1,0.00,0.00,0.00,1.94,3,False,8,Bournemouth,MID,50,Bournemouth,Manchester City,1,2,False,Manchester City,1
Ben Gannon-Doak,72,1,0,0,0,1,0,0,0,0,0,0,0,3,0.2,0.1,2.0,0.2,0,0.00,0.00,0.00,0.19,1,False,8,Bournemouth,MID,50,Bournemouth,Manchester City,1,2,False,Manchester City,1
Tyler Adams,73,15,0,0,0,2,0,0,0,0,0,0,0,4,3.6,0.6,0.0,0.4,0,0.00,0.00,0.00,0.31,1,False,8,Bournemouth,MID,50,Bournemouth,Manchester City,1,2,False,Manchester City,1
David Brooks,74,0,0,0,0,0,0,0,0,0,0,0,0,0,0.0,0.0,0.0,0.0,0,0.00,0.00,0.00,0.00,0,False,8,Bournemouth,MID,50,Bournemouth,Manchester City,1,2,False,Manchester City,1
Ryan Christie,75,0,0,0,0,0,0,0,0,0,0,0,0,0,0.0,0.0,0.0,0.0,0,0.00,0.00,0.00,0.00,0,False,8,Bournemouth,MID,50,Bournemouth,Manchester City,1,2,False,Manchester City,1
Alex Tóth,76,15,0,0,0,2,0,0,0,0,0,0,0,5,2.8,0.6,0.0,0.3,0,0.00,0.00,0.00,0.31,1,False,8,Bournemouth,MID,50,Bournemouth,Manchester City,1,2,False,Manchester City,1
Amine Adli,77,0,0,0,0,0,0,0,0,0,0,0,0,0,0.0,0.0,0.0,0.0,0,0.00,0.00,0.00,0.00,0,False,8,Bournemouth,MID,50,Bournemouth,Manchester City,1,2,False,Manchester City,1
Junior Kroupi,78,0,0,0,0,0,0,0,0,0,0,0,0,0,0.0,0.0,0.0,0.0,0,0.00,0.00,0.00,0.00,0,False,8,Bournemouth,MID,75,Bournemouth,Manchester City,1,2,False,Manchester City,1
Francisco Evanilson de Lima Barbosa,79,74,0,1,1,0,0,0,0,1,0,0,0,17,19.4,11.9,2.0,3.3,1,0.00,0.21,0.21,1.94,4,False,8,Bournemouth,FWD,60,Bournemouth,Manchester City,1,2,False,Manchester City,1
Enes Ünal,80,0,0,0,0,0,0,0,0,0,0,0,0,0,0.0,0.0,0.0,0.0,0,0.00,0.00,0.00,0.00,0,False,8,Bournemouth,FWD,55,Bournemouth,Manchester City,1,2,False,Manchester City,1
Álvaro Rodríguez,81,0,0,0,0,0,0,0,0,0,0,0,0,0,0.0,0.0,0.0,0.0,0,0.00,0.00,0.00,0.00,0,False,8,Bournemouth,FWD,60,Bournemouth,Manchester City,1,2,False,Manchester City,1
Caoimhín Kelleher,82,90,0,0,1,0,0,0,0,0,0,4,0,34,31.4,0.0,0.0,3.1,1,0.00,0.01,0.01,0.57,7,False,2,Brentford,GK,50,Sunderland,Brentford,0,3,True,Sunderland,1
Hákon Rafn Valdimarsson,83,0,0,0,0,0,0,0,0,0,0,0,0,0,0.0,0.0,0.0,0.0,0,0.00,0.00,0.00,0.00,0,False,2,Brentford,GK,45,Sunderland,Brentford,0,3,True,Sunderland,1
Nathan Collins,84,90,0,0,1,0,0,0,0,0,0,0,0,21,11.6,21.5,17.0,5.0,1,0.34,0.04,0.38,0.57,6,False,2,Brentford,DEF,55,Sunderland,Brentford,0,3,True,Sunderland,1
Sepp van den Berg,85,0,0,0,0,0,0,0,0,0,0,0,0,0,0.0,0.0,0.0,0.0,0,0.00,0.00,0.00,0.00,0,False,2,Brentford,DEF,50,Sunderland,Brentford,0,3,True,Sunderland,1
Keane Lewis-Potter,86,90,1,0,1,0,0,0,0,0,0,0,2,37,47.2,15.9,19.0,8.2,1,0.77,0.12,0.89,0.57,10,False,2,Brentford,MID,55,Sunderland,Brentford,0,3,True,Sunderland,1
Kristoffer Ajer,87,90,0,0,1,0,0,0,0,0,0,0,0,29,20.0,0.9,35.0,5.6,1,0.11,0.02,0.13,0.57,8,False,2,Brentford,DEF,45,Sunderland,Brentford,0,3,True,Sunderland,1
Michael Kayode,88,75,1,0,1,0,0,0,0,0,0,0,1,36,33.8,1.5,46.0,8.1,1,0.50,0.00,0.50,0.47,13,True,2,Brentford,DEF,45,Sunderland,Brentford,0,3,True,Sunderland,1
Rico Henry,89,0,0,0,0,0,0,0,0,0,0,0,0,0,0.0,0.0,0.0,0.0,0,0.00,0.00,0.00,0.00,0,False,2,Brentford,DEF,45,Sunderland,Brentford,0,3,True,Sunderland,1
Aaron Hickey,90,14,0,0,0,0,0,0,0,0,0,0,0,2,0.0,0.3,0.0,0.0,0,0.00,0.00,0.00,0.10,1,False,2,Brentford,DEF,45,Sunderland,Brentford,0,3,True,Sunderland,1
Ethan Pinnock,91,0,0,0,0,0,0,0,0,0,0,0,0,0,0.0,0.0,0.0,0.0,0,0.00,0.00,0.00,0.00,0,False,2,Brentford,DEF,45,Sunderland,Brentford,0,3,True,Sunderland,1
Kim Ji-soo,92,0,0,0,0,0,0,0,0,0,0,0,0,0,0.0,0.0,0.0,0.0,0,0.00,0.00,0.00,0.00,0,False,2,Brentford,DEF,45,Sunderland,Brentford,0,3,True,Sunderland,1
Jannik Schuster,93,0,0,0,0,0,0,0,0,0,0,0,0,0,0.0,0.0,0.0,0.0,0,0.00,0.00,0.00,0.00,0,False,2,Brentford,DEF,45,Sunderland,Brentford,0,3,True,Sunderland,1
Kevin Schade,94,90,0,0,1,0,0,0,0,0,0,0,0,17,14.4,11.8,59.0,8.5,1,0.52,0.01,0.53,0.57,3,False,2,Brentford,MID,60,Sunderland,Brentford,0,3,True,Sunderland,1
Dango Ouattara,95,66,0,0,1,0,0,0,0,0,0,0,0,6,1.0,30.8,15.0,4.7,1,0.05,0.29,0.34,0.47,3,False,2,Brentford,MID,65,Sunderland,Brentford,0,3,True,Sunderland,1
Mikkel Damsgaard,96,14,0,0,0,0,0,0,0,0,0,0,0,6,7.6,26.3,0.0,3.4,0,0.00,0.11,0.11,0.10,1,False,2,Brentford,MID,55,Sunderland,Brentford,0,3,True,Sunderland,1
Mathias Jensen,97,66,0,1,1,0,0,0,0,0,0,0,0,22,12.6,46.2,13.0,7.2,1,0.08,0.34,0.42,0.47,6,False,2,Brentford,MID,55,Sunderland,Brentford,0,3,True,Sunderland,1
Vitaly Janelt,98,90,1,0,1,0,0,0,0,1,0,0,0,35,53.2,38.8,24.0,11.6,1,0.39,0.17,0.56,0.57,9,False,2,Brentford,MID,50,Sunderland,Brentford,0,3,True,Sunderland,1
Antoni Milambo,99,0,0,0,0,0,0,0,0,0,0,0,0,0,0.0,0.0,0.0,0.0,0,0.00,0.00,0.00,0.00,0,False,2,Brentford,MID,50,Sunderland,Brentford,0,3,True,Sunderland,1
Fábio Freitas Gouveia Carvalho,100,0,0,0,0,0,0,0,0,0,0,0,0,0,0.0,0.0,0.0,0.0,0,0.00,0.00,0.00,0.00,0,False,2,Brentford,MID,50,Sunderland,Brentford,0,3,True,Sunderland,1
Jordan Henderson,101,0,0,0,0,0,0,0,0,0,0,0,0,0,0.0,0.0,0.0,0.0,0,0.00,0.00,0.00,0.00,0,False,10,Chelsea,MID,50,Chelsea,Fulham,3,2,False,Fulham,1
Yehor Yarmoliuk,102,23,0,0,0,0,0,0,0,0,0,0,0,7,2.2,0.8,3.0,0.6,0,0.04,0.00,0.04,0.10,1,False,2,Brentford,MID,50,Sunderland,Brentford,0,3,True,Sunderland,1
Josh Dasilva,103,0,0,0,0,0,0,0,0,0,0,0,0,0,0.0,0.0,0.0,0.0,0,0.00,0.00,0.00,0.00,0,False,2,Brentford,MID,50,Sunderland,Brentford,0,3,True,Sunderland,1
Frank Onyeka,104,90,0,0,0,3,0,0,0,0,0,0,0,8,3.6,1.6,0.0,0.5,1,0.00,0.01,0.01,1.88,2,False,1,Coventry City,MID,50,Coventry City,Arsenal,0,3,False,Arsenal,1
Jaidon Anthony,105,23,0,0,0,0,0,0,0,0,0,0,0,9,10.6,34.9,1.0,4.7,0,0.03,0.35,0.38,0.10,1,False,2,Brentford,MID,60,Sunderland,Brentford,0,3,True,Sunderland,1
Igor Thiago Nascimento Rodrigues,106,82,0,0,1,0,0,0,1,0,0,0,0,-3,2.2,4.0,8.0,1.4,1,1.00,0.08,1.08,0.50,0,False,2,Brentford,FWD,80,Sunderland,Brentford,0,3,True,Sunderland,1
Kaye Furo,107,0,0,0,0,0,0,0,0,0,0,0,0,0,0.0,0.0,0.0,0.0,0,0.00,0.00,0.00,0.00,0,False,2,Brentford,FWD,45,Sunderland,Brentford,0,3,True,Sunderland,1
Callum Wilson,108,7,0,0,0,0,0,0,0,0,0,0,0,4,2.2,10.3,5.0,1.8,0,0.03,0.04,0.07,0.07,1,False,2,Brentford,FWD,55,Sunderland,Brentford,0,3,True,Sunderland,1
Bart Verbruggen,109,90,0,0,1,0,0,0,0,0,0,0,0,25,6.6,0.0,0.0,0.7,1,0.00,0.00,0.00,0.29,6,False,7,Brighton,GK,45,Aston Villa,Brighton,0,4,True,Aston Villa,1
Carl Rushworth,110,90,0,0,0,3,0,0,0,0,0,2,0,0,14.2,0.0,0.0,1.4,1,0.00,0.01,0.01,1.88,1,False,1,Coventry City,GK,45,Coventry City,Arsenal,0,3,False,Arsenal,1
Jason Steele,111,0,0,0,0,0,0,0,0,0,0,0,0,0,0.0,0.0,0.0,0.0,0,0.00,0.00,0.00,0.00,0,False,7,Brighton,GK,40,Aston Villa,Brighton,0,4,True,Aston Villa,1
Jan Paul van Hecke,112,90,0,0,0,3,0,0,0,0,0,0,0,3,28.2,2.8,2.0,3.3,1,0.00,0.03,0.03,3.87,1,False,2,Sunderland,DEF,50,Sunderland,Brentford,0,3,False,Brentford,1
Ferdi Kadıoğlu,113,0,0,0,0,0,0,0,0,0,0,0,0,0,0.0,0.0,0.0,0.0,0,0.00,0.00,0.00,0.00,0,False,7,Brighton,DEF,45,Aston Villa,Brighton,0,4,True,Aston Villa,1
Olivier Boscagli,114,90,0,0,1,0,0,0,0,0,0,0,0,29,15.2,7.3,6.0,2.9,1,0.00,0.04,0.04,0.29,6,False,7,Brighton,DEF,45,Aston Villa,Brighton,0,4,True,Aston Villa,1
Maxim De Cuyper,115,77,1,1,1,0,0,0,0,0,0,0,2,46,40.6,45.3,43.0,12.9,1,1.47,0.21,1.68,0.29,17,True,7,Brighton,DEF,45,Aston Villa,Brighton,0,4,True,Aston Villa,1
Lewis Dunk,116,90,0,0,1,0,0,0,0,0,0,0,0,24,13.4,6.4,0.0,2.0,1,0.00,0.04,0.04,0.29,6,False,7,Brighton,DEF,45,Aston Villa,Brighton,0,4,True,Aston Villa,1
Diego Coppola,117,0,0,0,0,0,0,0,0,0,0,0,0,0,0.0,0.0,0.0,0.0,0,0.00,0.00,0.00,0.00,0,False,7,Brighton,DEF,45,Aston Villa,Brighton,0,4,True,Aston Villa,1
Igor Julio dos Santos de Paulo,118,0,0,0,0,0,0,0,0,0,0,0,0,0,0.0,0.0,0.0,0.0,0,0.00,0.00,0.00,0.00,0,False,7,Brighton,DEF,45,Aston Villa,Brighton,0,4,True,Aston Villa,1
João Pedro Loureiro da Costa,119,26,0,0,0,0,0,0,0,0,0,0,0,7,8.2,1.9,18.0,2.8,0,0.12,0.00,0.12,0.10,1,False,7,Brighton,DEF,45,Aston Villa,Brighton,0,4,True,Aston Villa,1
Michael Svoboda,120,0,0,0,0,0,0,0,0,0,0,0,0,0,0.0,0.0,0.0,0.0,0,0.00,0.00,0.00,0.00,0,False,7,Brighton,DEF,50,Aston Villa,Brighton,0,4,True,Aston Villa,1
Mitoma Kaoru,121,0,0,0,0,0,0,0,0,0,0,0,0,0,0.0,0.0,0.0,0.0,0,0.00,0.00,0.00,0.00,0,False,7,Brighton,MID,60,Aston Villa,Brighton,0,4,True,Aston Villa,1
Yankuba Minteh,122,0,0,0,0,0,0,0,0,0,0,0,0,0,0.0,0.0,0.0,0.0,0,0.00,0.00,0.00,0.00,0,False,7,Brighton,MID,60,Aston Villa,Brighton,0,4,True,Aston Villa,1
Jack Hinshelwood,123,63,2,0,1,0,0,0,0,0,0,0,3,54,72.8,13.4,59.0,14.5,1,1.41,0.02,1.43,0.19,16,True,7,Brighton,MID,60,Aston Villa,Brighton,0,4,True,Aston Villa,1
Pascal Groß,124,90,0,0,1,0,0,0,0,1,0,0,0,18,21.0,56.9,8.0,8.6,1,0.00,0.27,0.27,0.29,2,False,7,Brighton,MID,55,Aston Villa,Brighton,0,4,True,Aston Villa,1
Georginio Rutter,125,90,0,1,1,0,0,0,0,0,0,0,0,22,19.8,11.4,15.0,4.6,1,0.08,0.44,0.52,0.29,5,False,7,Brighton,FWD,55,Aston Villa,Brighton,0,4,True,Aston Villa,1
Matt O'Riley,126,0,0,0,0,0,0,0,0,0,0,0,0,0,0.0,0.0,0.0,0.0,0,0.00,0.00,0.00,0.00,0,False,7,Brighton,MID,55,Aston Villa,Brighton,0,4,True,Aston Villa,1
Diego Gómez Amarilla,127,85,0,1,1,0,0,0,0,0,0,0,0,27,33.0,25.1,41.0,9.9,1,0.18,0.48,0.66,0.29,6,False,7,Brighton,MID,50,Aston Villa,Brighton,0,4,True,Aston Villa,1
Facundo Buonanotte,128,0,0,0,0,0,0,0,0,0,0,0,0,0,0.0,0.0,0.0,0.0,0,0.00,0.00,0.00,0.00,0,False,7,Brighton,MID,50,Aston Villa,Brighton,0,4,True,Aston Villa,1
Yasin Ayari,129,63,0,0,1,0,0,0,0,1,0,0,0,8,0.0,15.0,6.0,1.7,1,0.11,0.03,0.14,0.19,2,False,7,Brighton,MID,55,Aston Villa,Brighton,0,4,True,Aston Villa,1
Mats Wieffer,130,77,0,0,1,0,0,0,0,0,0,0,1,32,16.6,26.3,6.0,4.9,1,0.09,0.05,0.14,0.29,7,False,7,Brighton,DEF,50,Aston Villa,Brighton,0,4,True,Aston Villa,1
Carlos Baleba,131,0,0,0,0,0,0,0,0,0,0,0,0,0,0.0,0.0,0.0,0.0,0,0.00,0.00,0.00,0.00,0,False,7,Manchester United,MID,50,Aston Villa,Manchester United,0,4,True,Aston Villa,1
Harry Howell,132,0,0,0,0,0,0,0,0,0,0,0,0,0,0.0,0.0,0.0,0.0,0,0.00,0.00,0.00,0.00,0,False,7,Brighton,MID,45,Aston Villa,Brighton,0,4,True,Aston Villa,1
Tom Watson,133,0,0,0,0,0,0,0,0,0,0,0,0,0,0.0,0.0,0.0,0.0,0,0.00,0.00,0.00,0.00,0,False,7,Brighton,MID,50,Aston Villa,Brighton,0,4,True,Aston Villa,1
Nehemiah Oriola,134,0,0,0,0,0,0,0,0,0,0,0,0,0,0.0,0.0,0.0,0.0,0,0.00,0.00,0.00,0.00,0,False,7,Brighton,MID,45,Aston Villa,Brighton,0,4,True,Aston Villa,1
Zadok Yohanna,135,12,0,0,0,0,0,0,0,0,0,0,0,3,0.2,1.3,0.0,0.2,0,0.00,0.03,0.03,0.00,1,False,7,Brighton,MID,50,Aston Villa,Brighton,0,4,True,Aston Villa,1
Danny Welbeck,136,0,0,0,0,0,0,0,0,0,0,0,0,0,0.0,0.0,0.0,0.0,0,0.00,0.00,0.00,0.00,0,False,10,Chelsea,FWD,60,Chelsea,Fulham,3,2,False,Fulham,1
Stefanos Tzimas,137,0,0,0,0,0,0,0,0,0,0,0,0,0,0.0,0.0,0.0,0.0,0,0.00,0.00,0.00,0.00,0,False,7,Brighton,FWD,55,Aston Villa,Brighton,0,4,True,Aston Villa,1
Charalampos Kostoulas,138,26,0,0,0,0,0,0,0,0,0,0,0,-1,0.0,0.4,10.0,0.9,0,0.18,0.00,0.18,0.10,1,False,7,Brighton,FWD,55,Aston Villa,Brighton,0,4,True,Aston Villa,1
Evan Ferguson,139,0,0,0,0,0,0,0,0,0,0,0,0,0,0.0,0.0,0.0,0.0,0,0.00,0.00,0.00,0.00,0,False,7,Brighton,FWD,50,Aston Villa,Brighton,0,4,True,Aston Villa,1
Robert Lynch Sánchez,140,90,0,0,0,2,0,0,0,0,0,4,0,6,21.4,0.0,0.0,2.1,1,0.00,0.01,0.01,1.33,2,False,10,Chelsea,GK,50,Chelsea,Fulham,3,2,False,Fulham,1
Filip Jörgensen,141,0,0,0,0,0,0,0,0,0,0,0,0,0,0.0,0.0,0.0,0.0,0,0.00,0.00,0.00,0.00,0,False,10,Chelsea,GK,50,Chelsea,Fulham,3,2,False,Fulham,1
Reece James,142,90,0,0,0,2,0,0,0,1,0,0,0,5,23.4,16.8,19.0,5.9,1,0.10,0.07,0.17,1.33,0,False,10,Chelsea,DEF,55,Chelsea,Fulham,3,2,False,Fulham,1
Trevoh Chalobah,143,0,0,0,0,0,0,0,0,0,0,0,0,0,0.0,0.0,0.0,0.0,0,0.00,0.00,0.00,0.00,0,False,10,Chelsea,DEF,55,Chelsea,Fulham,3,2,False,Fulham,1
Malo Gusto,144,75,0,0,0,2,0,0,0,0,0,0,0,2,7.2,9.8,6.0,2.3,1,0.00,0.03,0.03,1.11,1,False,10,Chelsea,DEF,50,Chelsea,Fulham,3,2,False,Fulham,1
Wesley Fofana,145,0,0,0,0,0,0,0,0,0,0,0,0,0,0.0,0.0,0.0,0.0,0,0.00,0.00,0.00,0.00,0,False,10,Chelsea,DEF,50,Chelsea,Fulham,3,2,False,Fulham,1
Benoît Badiashile Mukinayi,146,0,0,0,0,0,0,0,0,0,0,0,0,0,0.0,0.0,0.0,0.0,0,0.00,0.00,0.00,0.00,0,False,10,Chelsea,DEF,45,Chelsea,Fulham,3,2,False,Fulham,1
Tosin Adarabioyo,147,0,0,0,0,0,0,0,0,0,0,0,0,0,0.0,0.0,0.0,0.0,0,0.00,0.00,0.00,0.00,0,False,10,Chelsea,DEF,45,Chelsea,Fulham,3,2,False,Fulham,1
Jorrel Hato,148,64,0,0,0,2,0,0,0,0,0,0,0,5,8.4,12.3,11.0,3.2,1,0.01,0.03,0.04,1.05,1,False,10,Chelsea,DEF,45,Chelsea,Fulham,3,2,False,Fulham,1
Levi Samuels Colwill,149,90,0,0,0,2,0,0,0,1,0,0,0,6,6.0,1.6,7.0,1.5,1,0.01,0.03,0.04,1.33,0,False,10,Chelsea,DEF,50,Chelsea,Fulham,3,2,False,Fulham,1
Mamadou Sarr,150,0,0,0,0,0,0,0,0,0,0,0,0,0,0.0,0.0,0.0,0.0,0,0.00,0.00,0.00,0.00,0,False,10,Chelsea,DEF,45,Chelsea,Fulham,3,2,False,Fulham,1
Josh Acheampong,151,90,0,0,0,2,0,0,0,0,0,0,0,13,33.2,2.2,2.0,3.7,1,0.00,0.01,0.01,1.33,3,False,10,Chelsea,DEF,45,Chelsea,Fulham,3,2,False,Fulham,1
Marco Palestra,152,0,0,0,0,0,0,0,0,0,0,0,0,0,0.0,0.0,0.0,0.0,0,0.00,0.00,0.00,0.00,0,False,10,Chelsea,DEF,55,Chelsea,Fulham,3,2,False,Fulham,1
Axel Disasi,153,0,0,0,0,0,0,0,0,0,0,0,0,0,0.0,0.0,0.0,0.0,0,0.00,0.00,0.00,0.00,0,False,10,Chelsea,DEF,45,Chelsea,Fulham,3,2,False,Fulham,1
Cole Palmer,154,82,1,1,0,2,0,0,0,0,0,0,3,60,65.2,41.3,54.0,16.1,1,0.28,0.19,0.47,1.24,13,True,10,Chelsea,MID,95,Chelsea,Fulham,3,2,False,Fulham,1
Enzo Fernández,155,25,0,0,0,0,0,0,0,0,0,0,0,6,3.4,12.0,0.0,1.5,0,0.00,0.02,0.02,0.28,1,False,10,Chelsea,MID,70,Chelsea,Fulham,3,2,False,Fulham,1
Pedro Lomba Neto,156,14,0,0,0,0,0,0,0,0,0,0,0,9,5.2,4.1,4.0,1.3,0,0.03,0.07,0.10,0.22,1,False,10,Chelsea,MID,65,Chelsea,Fulham,3,2,False,Fulham,1
Estêvão Almeida de Oliveira Gonçalves,157,7,0,0,0,0,0,0,0,0,0,0,0,3,0.2,0.4,0.0,0.1,0,0.00,0.00,0.00,0.09,1,False,10,Chelsea,MID,65,Chelsea,Fulham,3,2,False,Fulham,1
Jamie Bynoe-Gittens,158,0,0,0,0,0,0,0,0,0,0,0,0,0,0.0,0.0,0.0,0.0,0,0.00,0.00,0.00,0.00,0,False,10,Chelsea,MID,60,Chelsea,Fulham,3,2,False,Fulham,1
Moisés Caicedo Corozo,159,0,0,0,0,0,0,0,0,0,0,0,0,0,0.0,0.0,0.0,0.0,0,0.00,0.00,0.00,0.00,0,False,10,Chelsea,MID,55,Chelsea,Fulham,3,2,False,Fulham,1
Alejandro Garnacho Ferreyra,160,4,0,0,0,0,0,0,0,0,0,0,0,2,0.0,0.0,0.0,0.0,0,0.00,0.00,0.00,0.14,1,False,7,Aston Villa,MID,60,Aston Villa,Brighton,0,4,False,Brighton,1
Roméo Lavia,161,64,0,0,0,2,0,0,0,1,0,0,0,8,13.6,21.9,33.0,6.9,1,0.21,0.03,0.24,1.05,1,False,10,Chelsea,MID,50,Chelsea,Fulham,3,2,False,Fulham,1
Andrey Nascimento dos Santos,162,66,0,0,0,2,0,0,0,0,0,0,0,17,11.4,4.2,2.0,1.8,1,0.00,0.23,0.23,0.94,2,False,4,Manchester United,MID,50,Manchester United,Hull City,0,2,False,Hull City,1
Dário Luís Essugo,163,0,0,0,0,0,0,0,0,0,0,0,0,0,0.0,0.0,0.0,0.0,0,0.00,0.00,0.00,0.00,0,False,10,Chelsea,MID,45,Chelsea,Fulham,3,2,False,Fulham,1
Geovany Quenda,164,8,0,0,0,0,0,0,0,0,0,0,0,2,1.2,0.3,2.0,0.4,0,0.00,0.00,0.00,0.09,1,False,10,Chelsea,MID,55,Chelsea,Fulham,3,2,False,Fulham,1
João Pedro Junqueira de Jesus,165,90,1,1,0,2,0,0,0,0,0,0,2,45,51.2,23.0,37.0,11.1,1,0.63,0.06,0.69,1.33,11,True,10,Chelsea,FWD,75,Chelsea,Fulham,3,2,False,Fulham,1
Nicolas Jackson,166,0,0,0,0,0,0,0,0,0,0,0,0,0,0.0,0.0,0.0,0.0,0,0.00,0.00,0.00,0.00,0,False,10,Chelsea,FWD,65,Chelsea,Fulham,3,2,False,Fulham,1
Liam Delap,167,0,0,0,0,0,0,0,0,0,0,0,0,0,0.0,0.0,0.0,0.0,0,0.00,0.00,0.00,0.00,0,False,10,Chelsea,FWD,55,Chelsea,Fulham,3,2,False,Fulham,1
Marc Guiu Paz,168,0,0,0,0,0,0,0,0,0,0,0,0,0,0.0,0.0,0.0,0.0,0,0.00,0.00,0.00,0.00,0,False,10,Chelsea,FWD,50,Chelsea,Fulham,3,2,False,Fulham,1
Shumaira Mheuka,169,0,0,0,0,0,0,0,0,0,0,0,0,0,0.0,0.0,0.0,0.0,0,0.00,0.00,0.00,0.00,0,False,10,Chelsea,FWD,45,Chelsea,Fulham,3,2,False,Fulham,1
Emmanuel Emegha,170,0,0,0,0,0,0,0,0,0,0,0,0,0,0.0,0.0,0.0,0.0,0,0.00,0.00,0.00,0.00,0,False,10,Chelsea,FWD,50,Chelsea,Fulham,3,2,False,Fulham,1
Oliver Dovin,171,0,0,0,0,0,0,0,0,0,0,0,0,0,0.0,0.0,0.0,0.0,0,0.00,0.00,0.00,0.00,0,False,1,Coventry City,GK,40,Coventry City,Arsenal,0,3,False,Arsenal,1
Ben Wilson,172,0,0,0,0,0,0,0,0,0,0,0,0,0,0.0,0.0,0.0,0.0,0,0.00,0.00,0.00,0.00,0,False,1,Coventry City,GK,45,Coventry City,Arsenal,0,3,False,Arsenal,1
Bobby Thomas,173,90,0,0,0,3,0,0,0,0,0,0,0,11,23.2,11.2,1.0,3.5,1,0.02,0.01,0.03,1.88,3,False,1,Coventry City,DEF,40,Coventry City,Arsenal,0,3,False,Arsenal,1
Liam Kitching,174,0,0,0,0,0,0,0,0,0,0,0,0,0,0.0,0.0,0.0,0.0,0,0.00,0.00,0.00,0.00,0,False,1,Coventry City,DEF,40,Coventry City,Arsenal,0,3,False,Arsenal,1
Milan van Ewijk,175,90,0,0,0,3,0,0,0,0,0,0,0,-8,10.6,2.0,2.0,1.5,1,0.00,0.01,0.01,1.88,1,False,1,Coventry City,DEF,40,Coventry City,Arsenal,0,3,False,Arsenal,1
Jay Dasilva,176,90,0,0,0,3,0,0,0,0,0,0,0,-4,13.8,3.8,0.0,1.8,1,0.00,0.02,0.02,1.88,1,False,1,Coventry City,DEF,40,Coventry City,Arsenal,0,3,False,Arsenal,1
Kaine Kesler-Hayden,177,0,0,0,0,0,0,0,0,0,0,0,0,0,0.0,0.0,0.0,0.0,0,0.00,0.00,0.00,0.00,0,False,1,Coventry City,DEF,40,Coventry City,Arsenal,0,3,False,Arsenal,1
Jake Bidwell,178,0,0,0,0,0,0,0,0,0,0,0,0,0,0.0,0.0,0.0,0.0,0,0.00,0.00,0.00,0.00,0,False,1,Coventry City,DEF,40,Coventry City,Arsenal,0,3,False,Arsenal,1
Joel Latibeaudiere,179,0,0,0,0,0,0,0,0,0,0,0,0,0,0.0,0.0,0.0,0.0,0,0.00,0.00,0.00,0.00,0,False,1,Coventry City,DEF,40,Coventry City,Arsenal,0,3,False,Arsenal,1
Luke Woolfenden,180,0,0,0,0,0,0,0,0,0,0,0,0,0,0.0,0.0,0.0,0.0,0,0.00,0.00,0.00,0.00,0,False,1,Coventry City,DEF,40,Coventry City,Arsenal,0,3,False,Arsenal,1
Miguel Brau,181,0,0,0,0,0,0,0,0,0,0,0,0,0,0.0,0.0,0.0,0.0,0,0.00,0.00,0.00,0.00,0,False,1,Coventry City,DEF,40,Coventry City,Arsenal,0,3,False,Arsenal,1
Aurèle Amenda,182,90,0,0,0,3,0,0,0,0,0,0,0,1,28.8,0.8,0.0,3.0,1,0.00,0.01,0.01,1.88,1,False,1,Coventry City,DEF,40,Coventry City,Arsenal,0,3,False,Arsenal,1
Jack Rudoni,183,20,0,0,0,0,0,0,0,0,0,0,0,3,5.6,3.8,17.0,2.6,0,0.15,0.00,0.15,0.29,1,False,1,Coventry City,MID,50,Coventry City,Arsenal,0,3,False,Arsenal,1
Matt Grimes,184,90,0,0,0,3,0,0,0,0,0,0,0,14,13.4,3.7,0.0,1.7,1,0.00,0.01,0.01,1.88,2,False,1,Coventry City,MID,50,Coventry City,Arsenal,0,3,False,Arsenal,1
Tatsuhiro Sakamoto,185,0,0,0,0,0,0,0,0,0,0,0,0,0,0.0,0.0,0.0,0.0,0,0.00,0.00,0.00,0.00,0,False,1,Coventry City,MID,50,Coventry City,Arsenal,0,3,False,Arsenal,1
Ephron Mason-Clark,186,0,0,0,0,0,0,0,0,0,0,0,0,0,0.0,0.0,0.0,0.0,0,0.00,0.00,0.00,0.00,0,False,1,Coventry City,MID,55,Coventry City,Arsenal,0,3,False,Arsenal,1
Josh Eccles,187,0,0,0,0,0,0,0,0,0,0,0,0,0,0.0,0.0,0.0,0.0,0,0.00,0.00,0.00,0.00,0,False,1,Coventry City,MID,50,Coventry City,Arsenal,0,3,False,Arsenal,1
Victor Torp,188,28,0,0,0,0,0,0,0,0,0,0,0,8,6.8,16.4,0.0,2.3,0,0.00,0.11,0.11,0.32,1,False,1,Coventry City,MID,55,Coventry City,Arsenal,0,3,False,Arsenal,1
George Shepherd,189,0,0,0,0,0,0,0,0,0,0,0,0,0,0.0,0.0,0.0,0.0,0,0.00,0.00,0.00,0.00,0,False,1,Coventry City,MID,45,Coventry City,Arsenal,0,3,False,Arsenal,1
Loum Tchaouna,190,81,0,0,0,3,0,0,0,0,0,0,0,11,1.8,6.0,3.0,1.1,1,0.04,0.02,0.06,1.76,2,False,1,Coventry City,MID,55,Coventry City,Arsenal,0,3,False,Arsenal,1
Raphael Borges Rodrigues,191,0,0,0,0,0,0,0,0,0,0,0,0,0,0.0,0.0,0.0,0.0,0,0.00,0.00,0.00,0.00,0,False,1,Coventry City,MID,45,Coventry City,Arsenal,0,3,False,Arsenal,1
Kaine Andrews,192,0,0,0,0,0,0,0,0,0,0,0,0,0,0.0,0.0,0.0,0.0,0,0.00,0.00,0.00,0.00,0,False,1,Coventry City,MID,45,Coventry City,Arsenal,0,3,False,Arsenal,1
Haji Wright,193,0,0,0,0,0,0,0,0,0,0,0,0,0,0.0,0.0,0.0,0.0,0,0.00,0.00,0.00,0.00,0,False,1,Coventry City,FWD,55,Coventry City,Arsenal,0,3,False,Arsenal,1
Brandon Thomas-Asante,194,69,0,0,0,3,0,0,0,0,0,0,0,9,4.6,1.1,0.0,0.6,1,0.00,0.02,0.02,1.60,2,False,1,Coventry City,FWD,50,Coventry City,Arsenal,0,3,False,Arsenal,1
Ellis Simms,195,69,0,0,0,3,0,0,0,0,0,0,0,7,2.6,12.3,2.0,1.7,1,0.00,0.01,0.01,1.60,2,False,1,Coventry City,FWD,50,Coventry City,Arsenal,0,3,False,Arsenal,1
Jahnoah Markelo,196,0,0,0,0,0,0,0,0,0,0,0,0,0,0.0,0.0,0.0,0.0,0,0.00,0.00,0.00,0.00,0,False,1,Coventry City,FWD,50,Coventry City,Arsenal,0,3,False,Arsenal,1
Norman Bassette,197,0,0,0,0,0,0,0,0,0,0,0,0,0,0.0,0.0,0.0,0.0,0,0.00,0.00,0.00,0.00,0,False,1,Coventry City,FWD,45,Coventry City,Arsenal,0,3,False,Arsenal,1
Dean Henderson,198,90,0,0,0,2,0,0,0,0,0,3,0,14,28.2,0.0,0.0,2.8,1,0.00,0.00,0.00,1.12,2,False,3,Crystal Palace,GK,50,Crystal Palace,Everton,0,2,False,Everton,1
Walter Benítez,199,0,0,0,0,0,0,0,0,0,0,0,0,0,0.0,0.0,0.0,0.0,0,0.00,0.00,0.00,0.00,0,False,3,Crystal Palace,GK,45,Crystal Palace,Everton,0,2,False,Everton,1
Maxence Lacroix,200,90,0,1,0,2,0,0,0,0,0,0,0,25,44.2,11.2,2.0,5.7,1,0.00,0.20,0.20,1.33,6,False,10,Chelsea,DEF,60,Chelsea,Fulham,3,2,False,Fulham,1
Daniel Muñoz Mejía,201,54,0,0,0,2,0,0,0,0,0,0,0,-4,1.2,1.8,21.0,2.4,1,0.23,0.01,0.24,0.84,0,False,3,Crystal Palace,DEF,55,Crystal Palace,Everton,0,2,False,Everton,1
Chris Richards,202,90,0,0,0,2,0,0,0,0,0,0,0,13,42.6,0.7,0.0,4.3,1,0.00,0.00,0.00,1.12,3,False,3,Crystal Palace,DEF,50,Crystal Palace,Everton,0,2,False,Everton,1
Jaydee Canvot,203,90,0,0,0,2,0,0,0,0,0,0,0,9,27.4,5.7,5.0,3.8,1,0.05,0.01,0.06,1.12,1,False,3,Crystal Palace,DEF,50,Crystal Palace,Everton,0,2,False,Everton,1
Tyrick Mitchell,204,90,0,0,0,2,0,0,0,0,0,0,0,9,11.6,13.8,2.0,2.7,1,0.00,0.01,0.01,1.12,1,False,3,Crystal Palace,DEF,45,Crystal Palace,Everton,0,2,False,Everton,1
Borna Sosa,205,0,0,0,0,0,0,0,0,0,0,0,0,0,0.0,0.0,0.0,0.0,0,0.00,0.00,0.00,0.00,0,False,3,Crystal Palace,DEF,45,Crystal Palace,Everton,0,2,False,Everton,1
Chadi Riad Dnanou,206,72,0,0,0,2,0,0,0,0,0,0,0,7,12.6,1.3,0.0,1.4,1,0.00,0.01,0.01,0.98,1,False,3,Crystal Palace,DEF,45,Crystal Palace,Everton,0,2,False,Everton,1
Oscar Mingueza,207,0,0,0,0,0,0,0,0,0,0,0,0,0,0.0,0.0,0.0,0.0,0,0.00,0.00,0.00,0.00,0,False,3,Crystal Palace,DEF,45,Crystal Palace,Everton,0,2,False,Everton,1
Ismaïla Sarr,208,0,0,0,0,0,0,0,0,0,0,0,0,0,0.0,0.0,0.0,0.0,0,0.00,0.00,0.00,0.00,0,False,3,Crystal Palace,MID,65,Crystal Palace,Everton,0,2,False,Everton,1
Brennan Johnson,209,6,0,0,0,0,0,0,0,0,0,0,0,3,4.0,0.3,0.0,0.4,0,0.00,0.00,0.00,0.29,1,False,3,Everton,MID,60,Crystal Palace,Everton,0,2,True,Crystal Palace,1
Adam Wharton,210,90,0,0,0,2,0,0,0,0,0,0,0,20,16.8,30.9,0.0,4.8,1,0.00,0.24,0.24,1.12,4,False,3,Crystal Palace,MID,55,Crystal Palace,Everton,0,2,False,Everton,1
Yéremy Pino Santos,211,35,0,0,0,0,0,0,0,0,0,0,0,4,2.0,6.3,6.0,1.4,0,0.06,0.02,0.08,0.27,1,False,3,Crystal Palace,MID,55,Crystal Palace,Everton,0,2,False,Everton,1
Will Hughes,212,0,0,0,0,0,0,0,0,0,0,0,0,0,0.0,0.0,0.0,0.0,0,0.00,0.00,0.00,0.00,0,False,3,Crystal Palace,MID,45,Crystal Palace,Everton,0,2,False,Everton,1
Jefferson Lerma Solís,213,0,0,0,0,0,0,0,0,0,0,0,0,0,0.0,0.0,0.0,0.0,0,0.00,0.00,0.00,0.00,0,False,3,Crystal Palace,MID,50,Crystal Palace,Everton,0,2,False,Everton,1
Daichi Kamada,214,90,0,0,0,2,0,0,0,1,0,0,0,25,20.4,29.3,0.0,5.0,1,0.00,0.27,0.27,1.12,3,False,3,Crystal Palace,MID,50,Crystal Palace,Everton,0,2,False,Everton,1
Justin Devenny,215,0,0,0,0,0,0,0,0,0,0,0,0,0,0.0,0.0,0.0,0.0,0,0.00,0.00,0.00,0.00,0,False,3,Crystal Palace,MID,50,Crystal Palace,Everton,0,2,False,Everton,1
Romain Esse,216,0,0,0,0,0,0,0,0,0,0,0,0,0,0.0,0.0,0.0,0.0,0,0.00,0.00,0.00,0.00,0,False,3,Crystal Palace,MID,50,Crystal Palace,Everton,0,2,False,Everton,1
Matheus França de Oliveira,217,0,0,0,0,0,0,0,0,0,0,0,0,0,0.0,0.0,0.0,0.0,0,0.00,0.00,0.00,0.00,0,False,3,Crystal Palace,MID,50,Crystal Palace,Everton,0,2,False,Everton,1
Cheick Doucouré,218,0,0,0,0,0,0,0,0,0,0,0,0,0,0.0,0.0,0.0,0.0,0,0.00,0.00,0.00,0.00,0,False,3,Crystal Palace,MID,50,Crystal Palace,Everton,0,2,False,Everton,1
Jesurun Rak-Sakyi,219,0,0,0,0,0,0,0,0,0,0,0,0,0,0.0,0.0,0.0,0.0,0,0.00,0.00,0.00,0.00,0,False,3,Crystal Palace,MID,50,Crystal Palace,Everton,0,2,False,Everton,1
Rio Cardines,220,0,0,0,0,0,0,0,0,0,0,0,0,0,0.0,0.0,0.0,0.0,0,0.00,0.00,0.00,0.00,0,False,3,Crystal Palace,DEF,45,Crystal Palace,Everton,0,2,False,Everton,1
Joél Drakes-Thomas,221,0,0,0,0,0,0,0,0,0,0,0,0,0,0.0,0.0,0.0,0.0,0,0.00,0.00,0.00,0.00,0,False,3,Crystal Palace,MID,45,Crystal Palace,Everton,0,2,False,Everton,1
Jørgen Strand Larsen,222,27,0,0,0,0,0,0,0,0,0,0,0,3,1.0,3.5,17.0,2.2,0,0.25,0.01,0.26,0.14,1,False,3,Crystal Palace,FWD,60,Crystal Palace,Everton,0,2,False,Everton,1
Jean-Philippe Mateta,223,62,0,0,0,2,0,0,0,0,0,0,0,-3,1.4,12.3,11.0,2.5,1,0.70,0.02,0.72,0.98,2,False,3,Crystal Palace,FWD,65,Crystal Palace,Everton,0,2,False,Everton,1
Eddie Nketiah,224,55,0,0,0,2,0,0,0,0,0,0,0,12,10.4,24.5,23.0,5.8,1,0.60,0.58,1.18,0.84,1,False,3,Crystal Palace,FWD,55,Crystal Palace,Everton,0,2,False,Everton,1
Christantus Uche,225,0,0,0,0,0,0,0,0,0,0,0,0,0,0.0,0.0,0.0,0.0,0,0.00,0.00,0.00,0.00,0,False,3,Crystal Palace,FWD,50,Crystal Palace,Everton,0,2,False,Everton,1
Jordan Pickford,226,90,0,0,1,0,0,0,0,0,0,4,0,34,31.8,0.0,0.0,3.2,1,0.00,0.02,0.02,1.96,7,False,3,Everton,GK,55,Crystal Palace,Everton,0,2,True,Crystal Palace,1
Mark Travers,227,0,0,0,0,0,0,0,0,0,0,0,0,0,0.0,0.0,0.0,0.0,0,0.00,0.00,0.00,0.00,0,False,3,Everton,GK,50,Crystal Palace,Everton,0,2,True,Crystal Palace,1
Tom King,228,0,0,0,0,0,0,0,0,0,0,0,0,0,0.0,0.0,0.0,0.0,0,0.00,0.00,0.00,0.00,0,False,3,Everton,GK,45,Crystal Palace,Everton,0,2,True,Crystal Palace,1
James Tarkowski,229,90,0,0,1,0,0,0,0,0,0,0,0,25,15.2,0.8,4.0,2.0,1,0.05,0.00,0.05,1.96,6,False,3,Everton,DEF,60,Crystal Palace,Everton,0,2,True,Crystal Palace,1
Jarrad Branthwaite,230,90,0,0,1,0,0,0,0,0,0,0,0,27,18.6,0.8,6.0,2.5,1,0.00,0.01,0.01,1.96,6,False,3,Everton,DEF,55,Crystal Palace,Everton,0,2,True,Crystal Palace,1
Michael Keane,231,0,0,0,0,0,0,0,0,0,0,0,0,0,0.0,0.0,0.0,0.0,0,0.00,0.00,0.00,0.00,0,False,3,Everton,DEF,50,Crystal Palace,Everton,0,2,True,Crystal Palace,1
Jake O'Brien,232,0,0,0,0,0,0,0,0,0,0,0,0,0,0.0,0.0,0.0,0.0,0,0.00,0.00,0.00,0.00,0,False,3,Everton,DEF,50,Crystal Palace,Everton,0,2,True,Crystal Palace,1
Vitalii Mykolenko,233,90,0,0,1,0,0,0,0,0,0,0,0,27,12.8,13.8,2.0,2.9,1,0.00,0.05,0.05,1.96,6,False,3,Everton,DEF,45,Crystal Palace,Everton,0,2,True,Crystal Palace,1
Nathan Patterson,234,0,0,0,0,0,0,0,0,0,0,0,0,0,0.0,0.0,0.0,0.0,0,0.00,0.00,0.00,0.00,0,False,3,Everton,DEF,45,Crystal Palace,Everton,0,2,True,Crystal Palace,1
Adam Aznou,235,0,0,0,0,0,0,0,0,0,0,0,0,0,0.0,0.0,0.0,0.0,0,0.00,0.00,0.00,0.00,0,False,3,Everton,DEF,40,Crystal Palace,Everton,0,2,True,Crystal Palace,1
Kiernan Dewsbury-Hall,236,90,1,0,1,0,0,0,0,0,0,0,3,40,42.8,28.3,27.0,9.8,1,0.12,0.17,0.29,1.92,11,False,3,Everton,MID,65,Crystal Palace,Everton,0,2,True,Crystal Palace,1
Iliman Ndiaye,237,90,0,1,1,0,0,0,0,0,0,0,1,36,40.8,39.8,48.0,12.9,1,0.24,0.32,0.56,1.96,9,False,3,Everton,MID,60,Crystal Palace,Everton,0,2,True,Crystal Palace,1
Jack Grealish,238,8,0,0,0,0,0,0,0,0,0,0,0,2,1.0,0.6,0.0,0.2,0,0.00,0.00,0.00,0.00,1,False,8,Manchester City,MID,65,Bournemouth,Manchester City,1,2,True,Bournemouth,1
James Garner,239,11,0,0,0,0,0,0,0,0,0,0,0,6,4.8,11.8,2.0,1.9,0,0.00,0.03,0.03,0.34,1,False,3,Everton,MID,60,Crystal Palace,Everton,0,2,True,Crystal Palace,1
Tim Iroegbunam,240,0,0,0,0,0,0,0,0,0,0,0,0,0,0.0,0.0,0.0,0.0,0,0.00,0.00,0.00,0.00,0,False,3,Everton,MID,50,Crystal Palace,Everton,0,2,True,Crystal Palace,1
Dwight McNeil,241,62,0,0,0,2,0,0,0,0,0,0,0,11,9.6,4.7,2.0,1.6,1,0.05,0.02,0.07,0.98,2,False,3,Crystal Palace,MID,55,Crystal Palace,Everton,0,2,False,Everton,1
Tyrique George,242,83,0,0,1,0,0,0,0,0,0,0,0,13,7.0,23.4,25.0,5.5,1,0.18,0.08,0.26,1.67,3,False,3,Everton,MID,55,Crystal Palace,Everton,0,2,True,Crystal Palace,1
Carlos Alcaraz Durán,243,1,0,0,0,0,0,0,0,0,0,0,0,7,5.0,0.3,17.0,2.2,0,0.02,0.00,0.02,0.04,1,False,3,Everton,MID,50,Crystal Palace,Everton,0,2,True,Crystal Palace,1
Harrison Armstrong,244,90,0,1,1,0,0,0,0,0,0,0,0,25,28.8,14.7,4.0,4.8,1,0.00,0.04,0.04,1.96,8,False,3,Everton,MID,50,Crystal Palace,Everton,0,2,True,Crystal Palace,1
Tyler Dibling,245,0,0,0,0,0,0,0,0,0,0,0,0,0,0.0,0.0,0.0,0.0,0,0.00,0.00,0.00,0.00,0,False,3,Everton,MID,55,Crystal Palace,Everton,0,2,True,Crystal Palace,1
Merlin Röhl,246,90,0,0,1,0,0,0,0,0,0,0,0,12,13.8,13.0,2.0,2.9,1,0.00,0.06,0.06,1.96,3,False,3,Everton,MID,50,Crystal Palace,Everton,0,2,True,Crystal Palace,1
Hayden Hackney,247,78,0,0,1,0,0,0,0,0,0,0,0,16,8.6,12.2,5.0,2.6,1,0.01,0.01,0.02,1.62,3,False,3,Everton,MID,55,Crystal Palace,Everton,0,2,True,Crystal Palace,1
Norberto Bercique Gomes Betuncal,248,11,0,0,0,0,0,0,0,0,0,0,0,3,0.0,0.0,2.0,0.2,0,0.05,0.00,0.05,0.34,1,False,3,Everton,FWD,55,Crystal Palace,Everton,0,2,True,Crystal Palace,1
Thierno Barry,249,78,1,0,1,0,0,0,0,0,0,0,2,37,38.0,19.0,41.0,9.8,1,0.45,0.09,0.54,1.62,8,False,3,Everton,FWD,55,Crystal Palace,Everton,0,2,True,Crystal Palace,1
Bernd Leno,250,90,0,0,0,3,0,0,0,0,0,3,0,11,29.6,0.0,0.0,3.0,1,0.00,0.00,0.00,2.24,2,False,10,Fulham,GK,45,Chelsea,Fulham,3,2,True,Chelsea,1
Benjamin Lecomte,251,0,0,0,0,0,0,0,0,0,0,0,0,0,0.0,0.0,0.0,0.0,0,0.00,0.00,0.00,0.00,0,False,10,Fulham,GK,40,Chelsea,Fulham,3,2,True,Chelsea,1
Alfie McNally,252,0,0,0,0,0,0,0,0,0,0,0,0,0,0.0,0.0,0.0,0.0,0,0.00,0.00,0.00,0.00,0,False,10,Fulham,GK,40,Chelsea,Fulham,3,2,True,Chelsea,1
Joachim Andersen,253,0,0,0,0,0,0,0,0,0,0,0,0,0,0.0,0.0,0.0,0.0,0,0.00,0.00,0.00,0.00,0,False,10,Fulham,DEF,50,Chelsea,Fulham,3,2,True,Chelsea,1
Antonee Robinson,254,81,0,0,0,3,0,0,0,0,0,0,0,4,21.6,25.2,3.0,5.0,1,0.13,0.04,0.17,2.21,1,False,10,Fulham,DEF,45,Chelsea,Fulham,3,2,True,Chelsea,1
Jorge Cuenca Barreno,255,90,0,0,0,3,0,0,0,0,0,0,0,7,32.8,21.3,0.0,5.4,1,0.00,0.03,0.03,2.24,3,False,10,Fulham,DEF,45,Chelsea,Fulham,3,2,True,Chelsea,1
Kenny Tete,256,0,0,0,0,0,0,0,0,0,0,0,0,0,0.0,0.0,0.0,0.0,0,0.00,0.00,0.00,0.00,0,False,10,Fulham,DEF,45,Chelsea,Fulham,3,2,True,Chelsea,1
Calvin Bassey,257,90,0,0,0,3,0,0,0,1,0,0,0,1,13.8,3.8,2.0,2.0,1,0.02,0.02,0.04,2.24,0,False,10,Fulham,DEF,45,Chelsea,Fulham,3,2,True,Chelsea,1
Timothy Castagne,258,90,0,2,0,3,0,0,0,1,0,0,0,21,38.0,27.8,23.0,8.9,1,0.09,0.18,0.27,2.24,6,False,10,Fulham,DEF,45,Chelsea,Fulham,3,2,True,Chelsea,1
Issa Diop,259,90,0,0,0,1,0,0,0,0,0,0,0,7,7.2,0.8,2.0,1.0,1,0.00,0.01,0.01,0.66,2,False,5,Ipswich Town,DEF,40,Tottenham,Ipswich Town,1,2,True,Tottenham,1
Harry Wilson,260,65,0,0,1,0,0,0,0,0,0,0,0,8,6.2,15.3,4.0,2.6,1,0.00,0.02,0.02,0.53,3,False,6,Leeds United,MID,65,Leeds United,Nottingham,1,0,False,Nottingham,1
Alex Iwobi,261,90,0,0,0,3,0,0,0,0,0,0,0,17,12.4,11.3,0.0,2.4,1,0.00,0.04,0.04,2.24,2,False,10,Fulham,MID,55,Chelsea,Fulham,3,2,True,Chelsea,1
Emile Smith Rowe,262,0,0,0,0,0,0,0,0,0,0,0,0,0,0.0,0.0,0.0,0.0,0,0.00,0.00,0.00,0.00,0,False,10,Fulham,MID,55,Chelsea,Fulham,3,2,True,Chelsea,1
Kevin Santos Lopes de Macedo,263,17,0,0,0,0,0,0,0,0,0,0,0,2,5.2,1.9,0.0,0.7,0,0.00,0.01,0.01,0.03,1,False,10,Fulham,MID,55,Chelsea,Fulham,3,2,True,Chelsea,1
Oscar Bobb,264,66,0,0,0,3,0,0,0,0,0,0,0,10,9.8,13.8,6.0,3.0,1,0.00,0.26,0.26,2.21,2,False,10,Fulham,MID,55,Chelsea,Fulham,3,2,True,Chelsea,1
Sander Berge,265,72,0,0,0,3,0,0,0,0,0,0,0,14,13.6,23.1,7.0,4.4,1,0.03,0.03,0.06,2.21,2,False,10,Fulham,MID,50,Chelsea,Fulham,3,2,True,Chelsea,1
Tom Cairney,266,0,0,0,0,0,0,0,0,0,0,0,0,0,0.0,0.0,0.0,0.0,0,0.00,0.00,0.00,0.00,0,False,10,Fulham,MID,50,Chelsea,Fulham,3,2,True,Chelsea,1
Saša Lukić,267,90,0,1,0,1,0,0,0,0,0,0,0,22,23.4,14.8,2.0,4.0,1,0.00,0.02,0.02,0.66,5,False,5,Ipswich Town,MID,50,Tottenham,Ipswich Town,1,2,True,Tottenham,1
Josh King,268,90,1,0,0,3,0,0,0,0,0,0,0,34,41.6,15.6,41.0,9.8,1,0.17,0.04,0.21,2.24,7,False,10,Fulham,MID,55,Chelsea,Fulham,3,2,True,Chelsea,1
Ryan Sessegnon,269,17,0,0,0,0,0,0,0,0,0,0,0,7,6.6,0.5,19.0,2.6,0,0.03,0.00,0.03,0.03,1,False,10,Fulham,DEF,45,Chelsea,Fulham,3,2,True,Chelsea,1
Harrison Reed,270,0,0,0,0,0,0,0,0,0,0,0,0,0,0.0,0.0,0.0,0.0,0,0.00,0.00,0.00,0.00,0,False,10,Fulham,MID,45,Chelsea,Fulham,3,2,True,Chelsea,1
Rodrigo Muniz Carvalho,271,8,0,0,0,0,0,0,0,0,0,0,0,6,6.0,11.5,7.0,2.5,0,0.02,0.00,0.02,0.03,1,False,10,Fulham,FWD,55,Chelsea,Fulham,3,2,True,Chelsea,1
Jonah Kusi-Asare,272,0,0,0,0,0,0,0,0,0,0,0,0,0,0.0,0.0,0.0,0.0,0,0.00,0.00,0.00,0.00,0,False,10,Fulham,FWD,45,Chelsea,Fulham,3,2,True,Chelsea,1
Dillon Phillips,273,0,0,0,0,0,0,0,0,0,0,0,0,0,0.0,0.0,0.0,0.0,0,0.00,0.00,0.00,0.00,0,False,4,Hull City,GK,40,Manchester United,Hull City,0,2,True,Manchester United,1
Jack Butland,274,0,0,0,0,0,0,0,0,0,0,0,0,0,0.0,0.0,0.0,0.0,0,0.00,0.00,0.00,0.00,0,False,4,Hull City,GK,45,Manchester United,Hull City,0,2,True,Manchester United,1
Harvey Cartwright,275,0,0,0,0,0,0,0,0,0,0,0,0,0,0.0,0.0,0.0,0.0,0,0.00,0.00,0.00,0.00,0,False,4,Hull City,GK,40,Manchester United,Hull City,0,2,True,Manchester United,1
Thimothée Lo-Tutala,276,0,0,0,0,0,0,0,0,0,0,0,0,0,0.0,0.0,0.0,0.0,0,0.00,0.00,0.00,0.00,0,False,4,Hull City,GK,40,Manchester United,Hull City,0,2,True,Manchester United,1
John Egan,277,90,0,0,1,0,0,0,0,0,0,0,0,27,43.4,0.1,2.0,4.6,1,0.00,0.00,0.00,1.83,8,False,4,Hull City,DEF,40,Manchester United,Hull City,0,2,True,Manchester United,1
Charlie Hughes,278,0,0,0,0,0,0,0,0,0,0,0,0,0,0.0,0.0,0.0,0.0,0,0.00,0.00,0.00,0.00,0,False,4,Hull City,DEF,40,Manchester United,Hull City,0,2,True,Manchester United,1
Semi Ajayi,279,63,1,0,1,0,0,0,0,0,0,0,2,39,44.2,0.2,35.0,7.9,1,0.52,0.00,0.52,0.86,14,True,4,Hull City,DEF,40,Manchester United,Hull City,0,2,True,Manchester United,1
Lewie Coyle,280,69,0,0,1,0,0,0,0,0,0,0,0,23,5.8,11.3,0.0,1.7,1,0.00,0.01,0.01,1.16,6,False,4,Hull City,DEF,40,Manchester United,Hull City,0,2,True,Manchester United,1
Cody Drameh,281,20,0,0,0,0,0,0,0,0,0,0,0,4,2.2,0.0,1.0,0.3,0,0.05,0.00,0.05,0.67,1,False,4,Hull City,DEF,40,Manchester United,Hull City,0,2,True,Manchester United,1
Ryan Giles,282,84,0,0,1,0,0,0,0,0,0,0,0,24,13.8,18.8,4.0,3.7,1,0.02,0.07,0.09,1.76,6,False,4,Hull City,DEF,40,Manchester United,Hull City,0,2,True,Manchester United,1
Matty Jacob,283,0,0,0,0,0,0,0,0,0,0,0,0,0,0.0,0.0,0.0,0.0,0,0.00,0.00,0.00,0.00,0,False,4,Hull City,DEF,40,Manchester United,Hull City,0,2,True,Manchester United,1
Cathal McCarthy,284,0,0,0,0,0,0,0,0,0,0,0,0,0,0.0,0.0,0.0,0.0,0,0.00,0.00,0.00,0.00,0,False,4,Hull City,DEF,40,Manchester United,Hull City,0,2,True,Manchester United,1
Paddy McNair,285,26,0,0,0,0,0,0,0,0,0,0,0,3,4.2,0.0,0.0,0.4,0,0.00,0.00,0.00,0.96,1,False,4,Hull City,DEF,40,Manchester United,Hull City,0,2,True,Manchester United,1
Mohamed Belloumi,286,90,0,0,1,0,0,0,0,0,0,0,0,8,10.6,2.2,7.0,2.0,1,0.05,0.03,0.08,1.83,3,False,4,Hull City,MID,50,Manchester United,Hull City,0,2,True,Manchester United,1
Liam Millar,287,19,0,0,0,0,0,0,0,1,0,0,0,2,2.0,0.3,2.0,0.4,0,0.00,0.00,0.00,0.67,0,False,4,Hull City,MID,50,Manchester United,Hull City,0,2,True,Manchester United,1
Kieran Dowell,288,0,0,0,0,0,0,0,0,0,0,0,0,0,0.0,0.0,0.0,0.0,0,0.00,0.00,0.00,0.00,0,False,4,Hull City,MID,45,Manchester United,Hull City,0,2,True,Manchester United,1
Matt Crooks,289,90,0,0,1,0,0,0,0,1,0,0,0,9,19.0,2.4,0.0,2.1,1,0.00,0.00,0.00,1.83,2,False,4,Hull City,MID,45,Manchester United,Hull City,0,2,True,Manchester United,1
Regan Slater,290,90,0,1,1,0,0,0,0,0,0,0,0,20,18.4,19.3,0.0,3.8,1,0.00,0.44,0.44,1.83,6,False,4,Hull City,MID,45,Manchester United,Hull City,0,2,True,Manchester United,1
Eliot Matazo,291,0,0,0,0,0,0,0,0,0,0,0,0,0,0.0,0.0,0.0,0.0,0,0.00,0.00,0.00,0.00,0,False,4,Hull City,MID,45,Manchester United,Hull City,0,2,True,Manchester United,1
Abdülkadir Ömür,292,0,0,0,0,0,0,0,0,0,0,0,0,0,0.0,0.0,0.0,0.0,0,0.00,0.00,0.00,0.00,0,False,4,Hull City,MID,50,Manchester United,Hull City,0,2,True,Manchester United,1
Abu Kamara,293,0,0,0,0,0,0,0,0,0,0,0,0,0,0.0,0.0,0.0,0.0,0,0.00,0.00,0.00,0.00,0,False,4,Hull City,MID,50,Manchester United,Hull City,0,2,True,Manchester United,1
Óscar Zambrano,294,0,0,0,0,0,0,0,0,0,0,0,0,0,0.0,0.0,0.0,0.0,0,0.00,0.00,0.00,0.00,0,False,4,Hull City,MID,45,Manchester United,Hull City,0,2,True,Manchester United,1
Oli McBurnie,295,90,0,1,1,0,0,0,0,0,0,0,0,21,17.2,21.1,52.0,9.0,1,0.16,0.01,0.17,1.83,5,False,4,Hull City,FWD,55,Manchester United,Hull City,0,2,True,Manchester United,1
David Akintola,296,0,0,0,0,0,0,0,0,0,0,0,0,0,0.0,0.0,0.0,0.0,0,0.00,0.00,0.00,0.00,0,False,4,Hull City,MID,50,Manchester United,Hull City,0,2,True,Manchester United,1
Darko Gyabi,297,0,0,0,0,0,0,0,0,0,0,0,0,0,0.0,0.0,0.0,0.0,0,0.00,0.00,0.00,0.00,0,False,4,Hull City,MID,45,Manchester United,Hull City,0,2,True,Manchester United,1
Enis Destan,298,0,0,0,0,0,0,0,0,0,0,0,0,0,0.0,0.0,0.0,0.0,0,0.00,0.00,0.00,0.00,0,False,4,Hull City,FWD,45,Manchester United,Hull City,0,2,True,Manchester United,1
Mason Burstow,299,0,0,0,0,0,0,0,0,0,0,0,0,0,0.0,0.0,0.0,0.0,0,0.00,0.00,0.00,0.00,0,False,4,Hull City,FWD,45,Manchester United,Hull City,0,2,True,Manchester United,1
Christian Walton,300,0,0,0,0,0,0,0,0,0,0,0,0,0,0.0,0.0,0.0,0.0,0,0.00,0.00,0.00,0.00,0,False,5,Ipswich Town,GK,45,Tottenham,Ipswich Town,1,2,True,Tottenham,1
Alex Palmer,301,0,0,0,0,0,0,0,0,0,0,0,0,0,0.0,0.0,0.0,0.0,0,0.00,0.00,0.00,0.00,0,False,5,Ipswich Town,GK,40,Tottenham,Ipswich Town,1,2,True,Tottenham,1
David Button,302,0,0,0,0,0,0,0,0,0,0,0,0,0,0.0,0.0,0.0,0.0,0,0.00,0.00,0.00,0.00,0,False,5,Ipswich Town,GK,40,Tottenham,Ipswich Town,1,2,True,Tottenham,1
Cédric Kipré,303,0,0,0,0,0,0,0,0,0,0,0,0,0,0.0,0.0,0.0,0.0,0,0.00,0.00,0.00,0.00,0,False,5,Ipswich Town,DEF,40,Tottenham,Ipswich Town,1,2,True,Tottenham,1
Dara O'Shea,304,90,0,0,0,1,0,0,0,0,0,0,0,16,48.0,24.5,2.0,7.5,1,0.00,0.16,0.16,0.66,4,False,5,Ipswich Town,DEF,40,Tottenham,Ipswich Town,1,2,True,Tottenham,1
Leif Davis,305,90,0,0,0,1,0,0,0,0,0,0,0,10,15.2,2.3,0.0,1.8,1,0.00,0.01,0.01,0.66,2,False,5,Ipswich Town,DEF,40,Tottenham,Ipswich Town,1,2,True,Tottenham,1
Jacob Greaves,306,90,0,0,0,1,0,0,0,0,0,0,0,12,16.4,1.3,0.0,1.8,1,0.00,0.00,0.00,0.66,2,False,5,Ipswich Town,DEF,40,Tottenham,Ipswich Town,1,2,True,Tottenham,1
Ben Johnson,307,0,0,0,0,0,0,0,0,0,0,0,0,0,0.0,0.0,0.0,0.0,0,0.00,0.00,0.00,0.00,0,False,5,Ipswich Town,DEF,40,Tottenham,Ipswich Town,1,2,True,Tottenham,1
Darnell Furlong,308,0,0,0,0,0,0,0,0,0,0,0,0,0,0.0,0.0,0.0,0.0,0,0.00,0.00,0.00,0.00,0,False,5,Ipswich Town,DEF,40,Tottenham,Ipswich Town,1,2,True,Tottenham,1
Marcelino Núñez,309,79,0,0,0,1,0,0,0,0,0,0,0,26,13.0,7.3,4.0,2.4,1,0.03,0.03,0.06,0.63,4,False,5,Ipswich Town,MID,50,Tottenham,Ipswich Town,1,2,True,Tottenham,1
Azor Matusiwa,310,0,0,0,0,0,0,0,0,0,0,0,0,0,0.0,0.0,0.0,0.0,0,0.00,0.00,0.00,0.00,0,False,5,Ipswich Town,MID,50,Tottenham,Ipswich Town,1,2,True,Tottenham,1
Wes Burns,311,0,0,0,0,0,0,0,0,0,0,0,0,0,0.0,0.0,0.0,0.0,0,0.00,0.00,0.00,0.00,0,False,5,Ipswich Town,MID,50,Tottenham,Ipswich Town,1,2,True,Tottenham,1
Jack Taylor,312,0,0,0,0,0,0,0,0,0,0,0,0,0,0.0,0.0,0.0,0.0,0,0.00,0.00,0.00,0.00,0,False,5,Ipswich Town,MID,45,Tottenham,Ipswich Town,1,2,True,Tottenham,1
Jack Clarke,313,19,1,0,0,0,0,0,0,0,0,0,1,27,33.6,0.6,18.0,5.2,0,0.10,0.00,0.10,0.03,7,False,5,Ipswich Town,MID,55,Tottenham,Ipswich Town,1,2,True,Tottenham,1
Chiedozie Ogbene,314,0,0,0,0,0,0,0,0,0,0,0,0,0,0.0,0.0,0.0,0.0,0,0.00,0.00,0.00,0.00,0,False,5,Ipswich Town,MID,50,Tottenham,Ipswich Town,1,2,True,Tottenham,1
Abdul Fatawu,315,65,0,0,0,1,0,0,0,0,0,0,0,22,18.6,28.4,8.0,5.5,1,0.00,0.41,0.41,0.63,2,False,5,Ipswich Town,MID,55,Tottenham,Ipswich Town,1,2,True,Tottenham,1
Emersonn Correia da Silva,316,65,1,0,0,1,0,0,0,0,0,0,3,41,45.6,26.3,40.0,11.2,1,0.82,0.06,0.88,0.63,9,False,5,Ipswich Town,FWD,55,Tottenham,Ipswich Town,1,2,True,Tottenham,1
George Hirst,317,0,0,0,0,0,0,0,0,0,0,0,0,0,0.0,0.0,0.0,0.0,0,0.00,0.00,0.00,0.00,0,False,5,Ipswich Town,FWD,50,Tottenham,Ipswich Town,1,2,True,Tottenham,1
Jaden Philogene,318,0,0,0,0,0,0,0,0,0,0,0,0,0,0.0,0.0,0.0,0.0,0,0.00,0.00,0.00,0.00,0,False,5,Ipswich Town,MID,55,Tottenham,Ipswich Town,1,2,True,Tottenham,1
Sam Szmodics,319,0,0,0,0,0,0,0,0,0,0,0,0,0,0.0,0.0,0.0,0.0,0,0.00,0.00,0.00,0.00,0,False,5,Ipswich Town,MID,50,Tottenham,Ipswich Town,1,2,True,Tottenham,1
Chuba Akpom,320,24,0,0,0,0,0,0,0,0,0,0,0,3,1.4,0.0,2.0,0.3,0,0.00,0.00,0.00,0.03,1,False,5,Ipswich Town,FWD,50,Tottenham,Ipswich Town,1,2,True,Tottenham,1
Sindre Walle Egeli,321,10,0,0,0,0,0,0,0,0,0,0,0,3,0.0,0.1,0.0,0.0,0,0.00,0.00,0.00,0.03,1,False,5,Ipswich Town,FWD,45,Tottenham,Ipswich Town,1,2,True,Tottenham,1
Ali Al-Hamadi,322,0,0,0,0,0,0,0,0,0,0,0,0,0,0.0,0.0,0.0,0.0,0,0.00,0.00,0.00,0.00,0,False,5,Ipswich Town,FWD,50,Tottenham,Ipswich Town,1,2,True,Tottenham,1
Kasey McAteer,323,24,0,0,0,0,0,0,0,0,0,0,0,4,1.2,1.3,0.0,0.3,0,0.00,0.00,0.00,0.03,1,False,5,Ipswich Town,MID,45,Tottenham,Ipswich Town,1,2,True,Tottenham,1
Anis Mehmeti,324,0,0,0,0,0,0,0,0,0,0,0,0,0,0.0,0.0,0.0,0.0,0,0.00,0.00,0.00,0.00,0,False,5,Ipswich Town,MID,50,Tottenham,Ipswich Town,1,2,True,Tottenham,1
Karl Darlow,325,0,0,0,0,0,0,0,0,0,0,0,0,0,0.0,0.0,0.0,0.0,0,0.00,0.00,0.00,0.00,0,False,4,Manchester United,GK,45,Manchester United,Hull City,0,2,False,Hull City,1
Lucas Estella Perri,326,0,0,0,0,0,0,0,0,0,0,0,0,0,0.0,0.0,0.0,0.0,0,0.00,0.00,0.00,0.00,0,False,6,Leeds United,GK,45,Leeds United,Nottingham,1,0,False,Nottingham,1
Jaka Bijol,327,90,0,0,1,0,0,0,0,0,0,0,2,28,23.6,0.4,15.0,3.9,1,0.11,0.00,0.11,0.66,10,False,6,Leeds United,DEF,50,Leeds United,Nottingham,1,0,False,Nottingham,1
Pascal Struijk,328,0,0,0,0,0,0,0,0,0,0,0,0,0,0.0,0.0,0.0,0.0,0,0.00,0.00,0.00,0.00,0,False,7,Brighton,DEF,50,Aston Villa,Brighton,0,4,True,Aston Villa,1
Joe Rodon,329,90,0,0,1,0,0,0,0,0,0,0,0,21,14.4,14.4,5.0,3.4,1,0.03,0.06,0.09,0.66,6,False,6,Leeds United,DEF,45,Leeds United,Nottingham,1,0,False,Nottingham,1
Jayden Bogle,330,90,0,0,1,0,0,0,0,0,0,0,0,24,7.0,1.1,0.0,0.8,1,0.00,0.00,0.00,0.66,6,False,6,Leeds United,DEF,45,Leeds United,Nottingham,1,0,False,Nottingham,1
Gabriel Gudmundsson,331,0,0,0,0,0,0,0,0,0,0,0,0,0,0.0,0.0,0.0,0.0,0,0.00,0.00,0.00,0.00,0,False,6,Leeds United,DEF,45,Leeds United,Nottingham,1,0,False,Nottingham,1
James Justin,332,90,0,0,1,0,0,0,0,0,0,0,2,28,24.6,2.3,2.0,2.9,1,0.00,0.01,0.01,0.66,10,False,6,Leeds United,DEF,45,Leeds United,Nottingham,1,0,False,Nottingham,1
Sebastiaan Bornauw,333,0,0,0,0,0,0,0,0,0,0,0,0,0,0.0,0.0,0.0,0.0,0,0.00,0.00,0.00,0.00,0,False,6,Leeds United,DEF,45,Leeds United,Nottingham,1,0,False,Nottingham,1
Tarik Muharemović,334,90,0,0,1,0,0,0,0,0,0,0,0,25,15.6,0.6,17.0,3.3,1,0.09,0.00,0.09,0.66,6,False,6,Leeds United,DEF,50,Leeds United,Nottingham,1,0,False,Nottingham,1
Anton Stach,335,90,1,0,1,0,0,0,0,0,0,0,3,37,47.8,2.3,16.0,6.6,1,0.10,0.05,0.15,0.66,13,True,6,Leeds United,MID,60,Leeds United,Nottingham,1,0,False,Nottingham,1
Noah Okafor,336,24,0,0,0,0,0,0,0,0,0,0,0,10,10.0,14.0,4.0,2.8,0,0.00,0.16,0.16,0.13,1,False,6,Leeds United,MID,60,Leeds United,Nottingham,1,0,False,Nottingham,1
Brenden Aaronson,337,81,0,0,1,0,0,0,0,0,0,0,0,16,8.0,1.1,7.0,1.6,1,0.01,0.01,0.02,0.58,3,False,6,Leeds United,MID,55,Leeds United,Nottingham,1,0,False,Nottingham,1
Ethan Ampadu,338,90,0,0,1,0,0,0,0,0,0,0,0,18,18.6,23.3,0.0,4.2,1,0.00,0.04,0.04,0.66,5,False,6,Leeds United,MID,55,Leeds United,Nottingham,1,0,False,Nottingham,1
Sean Longstaff,339,8,0,0,0,0,0,0,0,0,0,0,0,3,0.0,0.2,0.0,0.0,0,0.00,0.00,0.00,0.07,1,False,6,Leeds United,MID,50,Leeds United,Nottingham,1,0,False,Nottingham,1
Joe Gelhardt,340,0,0,0,0,0,0,0,0,0,0,0,0,0,0.0,0.0,0.0,0.0,0,0.00,0.00,0.00,0.00,0,False,4,Hull City,MID,50,Manchester United,Hull City,0,2,True,Manchester United,1
Wilfried Gnonto,341,0,0,0,0,0,0,0,0,0,0,0,0,0,0.0,0.0,0.0,0.0,0,0.00,0.00,0.00,0.00,0,False,6,Leeds United,MID,50,Leeds United,Nottingham,1,0,False,Nottingham,1
Jack Harrison,342,0,0,0,0,0,0,0,0,0,0,0,0,0,0.0,0.0,0.0,0.0,0,0.00,0.00,0.00,0.00,0,False,6,Leeds United,MID,50,Leeds United,Nottingham,1,0,False,Nottingham,1
Daniel James,343,0,0,0,0,0,0,0,0,0,0,0,0,0,0.0,0.0,0.0,0.0,0,0.00,0.00,0.00,0.00,0,False,6,Leeds United,MID,50,Leeds United,Nottingham,1,0,False,Nottingham,1
Ilia Gruev,344,0,0,0,0,0,0,0,0,0,0,0,0,0,0.0,0.0,0.0,0.0,0,0.00,0.00,0.00,0.00,0,False,6,Leeds United,MID,50,Leeds United,Nottingham,1,0,False,Nottingham,1
Tanaka Ao,345,0,0,0,0,0,0,0,0,0,0,0,0,0,0.0,0.0,0.0,0.0,0,0.00,0.00,0.00,0.00,0,False,6,Leeds United,MID,50,Leeds United,Nottingham,1,0,False,Nottingham,1
Dominic Calvert-Lewin,346,90,0,0,1,0,0,0,0,1,0,0,0,-2,0.0,0.8,11.0,0.7,1,0.13,0.00,0.13,0.66,1,False,6,Leeds United,FWD,60,Leeds United,Nottingham,1,0,False,Nottingham,1
Lukas Nmecha,347,0,0,0,0,0,0,0,0,0,0,0,0,0,0.0,0.0,0.0,0.0,0,0.00,0.00,0.00,0.00,0,False,6,Leeds United,FWD,55,Leeds United,Nottingham,1,0,False,Nottingham,1
Joël Piroe,348,0,0,0,0,0,0,0,0,0,0,0,0,0,0.0,0.0,0.0,0.0,0,0.00,0.00,0.00,0.00,0,False,6,Leeds United,FWD,50,Leeds United,Nottingham,1,0,False,Nottingham,1
Mateo Joseph Fernández-Regatillo,349,0,0,0,0,0,0,0,0,0,0,0,0,0,0.0,0.0,0.0,0.0,0,0.00,0.00,0.00,0.00,0,False,6,Leeds United,FWD,45,Leeds United,Nottingham,1,0,False,Nottingham,1
Alisson Becker,350,90,0,0,0,2,0,0,0,0,0,3,0,7,17.8,0.0,0.0,1.8,1,0.00,0.00,0.00,1.58,2,False,9,Liverpool,GK,55,Liverpool,Newcastle,2,2,False,Newcastle,1
Giorgi Mamardashvili,351,0,0,0,0,0,0,0,0,0,0,0,0,0,0.0,0.0,0.0,0.0,0,0.00,0.00,0.00,0.00,0,False,9,Liverpool,GK,50,Liverpool,Newcastle,2,2,False,Newcastle,1
Freddie Woodman,352,0,0,0,0,0,0,0,0,0,0,0,0,0,0.0,0.0,0.0,0.0,0,0.00,0.00,0.00,0.00,0,False,9,Liverpool,GK,40,Liverpool,Newcastle,2,2,False,Newcastle,1
Armin Pecsi,353,0,0,0,0,0,0,0,0,0,0,0,0,0,0.0,0.0,0.0,0.0,0,0.00,0.00,0.00,0.00,0,False,9,Liverpool,GK,40,Liverpool,Newcastle,2,2,False,Newcastle,1
Vitezslav Jaros,354,0,0,0,0,0,0,0,0,0,0,0,0,0,0.0,0.0,0.0,0.0,0,0.00,0.00,0.00,0.00,0,False,9,Liverpool,GK,40,Liverpool,Newcastle,2,2,False,Newcastle,1
Harvey Davies,355,0,0,0,0,0,0,0,0,0,0,0,0,0,0.0,0.0,0.0,0.0,0,0.00,0.00,0.00,0.00,0,False,9,Liverpool,GK,40,Liverpool,Newcastle,2,2,False,Newcastle,1
Virgil van Dijk,356,90,0,0,0,2,0,0,0,1,0,0,0,8,25.6,1.6,24.0,5.1,1,0.25,0.01,0.26,1.58,2,False,9,Liverpool,DEF,65,Liverpool,Newcastle,2,2,False,Newcastle,1
Jeremie Frimpong,357,90,0,0,0,2,0,0,0,1,0,0,0,3,13.6,37.8,10.0,6.1,1,0.01,0.09,0.10,1.58,0,False,9,Liverpool,DEF,55,Liverpool,Newcastle,2,2,False,Newcastle,1
Milos Kerkez,358,90,0,0,0,2,0,0,0,1,0,0,0,3,18.0,13.8,12.0,4.4,1,0.02,0.02,0.04,1.58,0,False,9,Liverpool,DEF,55,Liverpool,Newcastle,2,2,False,Newcastle,1
Joe Gomez,359,0,0,0,0,0,0,0,0,0,0,0,0,0,0.0,0.0,0.0,0.0,0,0.00,0.00,0.00,0.00,0,False,9,Liverpool,DEF,50,Liverpool,Newcastle,2,2,False,Newcastle,1
Conor Bradley,360,0,0,0,0,0,0,0,0,0,0,0,0,0,0.0,0.0,0.0,0.0,0,0.00,0.00,0.00,0.00,0,False,9,Liverpool,DEF,50,Liverpool,Newcastle,2,2,False,Newcastle,1
Wellity Lucky,361,0,0,0,0,0,0,0,0,0,0,0,0,0,0.0,0.0,0.0,0.0,0,0.00,0.00,0.00,0.00,0,False,9,Liverpool,DEF,40,Liverpool,Newcastle,2,2,False,Newcastle,1
Jeremy Jacquet,362,69,0,0,0,2,0,0,0,0,0,0,0,9,12.4,11.9,0.0,2.4,1,0.00,0.02,0.02,1.04,1,False,9,Liverpool,DEF,50,Liverpool,Newcastle,2,2,False,Newcastle,1
Giovanni Leoni,363,0,0,0,0,0,0,0,0,0,0,0,0,0,0.0,0.0,0.0,0.0,0,0.00,0.00,0.00,0.00,0,False,9,Liverpool,DEF,40,Liverpool,Newcastle,2,2,False,Newcastle,1
Kostas Tsimikas,364,0,0,0,0,0,0,0,0,0,0,0,0,0,0.0,0.0,0.0,0.0,0,0.00,0.00,0.00,0.00,0,False,9,Liverpool,DEF,50,Liverpool,Newcastle,2,2,False,Newcastle,1
Calvin Ramsay,365,0,0,0,0,0,0,0,0,0,0,0,0,0,0.0,0.0,0.0,0.0,0,0.00,0.00,0.00,0.00,0,False,9,Liverpool,DEF,40,Liverpool,Newcastle,2,2,False,Newcastle,1
Florian Wirtz,366,62,0,0,0,2,0,0,0,0,0,0,0,16,9.8,17.9,29.0,5.7,1,0.26,0.04,0.30,0.51,2,False,9,Liverpool,MID,75,Liverpool,Newcastle,2,2,False,Newcastle,1
Cody Gakpo,367,90,1,0,0,2,0,0,0,0,0,0,3,33,44.0,34.0,37.0,11.5,1,0.30,0.15,0.45,1.58,12,True,9,Liverpool,MID,70,Liverpool,Newcastle,2,2,False,Newcastle,1
Dominik Szoboszlai,368,90,1,0,0,2,0,0,0,0,0,0,1,29,50.4,47.1,21.0,11.9,1,0.85,0.27,1.12,1.58,8,False,9,Liverpool,MID,70,Liverpool,Newcastle,2,2,False,Newcastle,1
Rio Ngumoha,369,62,0,0,0,2,0,0,0,0,0,0,0,9,2.4,6.0,5.0,1.3,1,0.04,0.02,0.06,0.51,2,False,9,Liverpool,MID,60,Liverpool,Newcastle,2,2,False,Newcastle,1
Federico Chiesa,370,0,0,0,0,0,0,0,0,0,0,0,0,0,0.0,0.0,0.0,0.0,0,0.00,0.00,0.00,0.00,0,False,9,Liverpool,MID,55,Liverpool,Newcastle,2,2,False,Newcastle,1
Ryan Gravenberch,371,77,0,1,0,2,0,0,0,0,0,0,0,26,24.4,16.0,4.0,4.4,1,0.06,0.05,0.11,1.10,5,False,9,Liverpool,MID,60,Liverpool,Newcastle,2,2,False,Newcastle,1
Alexis Mac Allister,372,27,0,0,0,0,0,0,0,0,0,0,0,9,5.8,1.4,0.0,0.7,0,0.00,0.01,0.01,1.07,1,False,9,Liverpool,MID,55,Liverpool,Newcastle,2,2,False,Newcastle,1
Curtis Jones,373,0,0,0,0,0,0,0,0,0,0,0,0,0,0.0,0.0,0.0,0.0,0,0.00,0.00,0.00,0.00,0,False,9,Liverpool,MID,55,Liverpool,Newcastle,2,2,False,Newcastle,1
Endo Wataru,374,0,0,0,0,0,0,0,0,0,0,0,0,0,0.0,0.0,0.0,0.0,0,0.00,0.00,0.00,0.00,0,False,9,Liverpool,MID,50,Liverpool,Newcastle,2,2,False,Newcastle,1
Trey Nyoni,375,0,0,0,0,0,0,0,0,0,0,0,0,0,0.0,0.0,0.0,0.0,0,0.00,0.00,0.00,0.00,0,False,9,Liverpool,MID,50,Liverpool,Newcastle,2,2,False,Newcastle,1
Stefan Bajčetić Maquieira,376,0,0,0,0,0,0,0,0,0,0,0,0,0,0.0,0.0,0.0,0.0,0,0.00,0.00,0.00,0.00,0,False,9,Liverpool,MID,50,Liverpool,Newcastle,2,2,False,Newcastle,1
Victor Munoz,377,27,0,1,0,0,0,0,0,0,0,0,0,15,4.0,8.9,14.0,2.7,0,0.10,0.04,0.14,1.07,4,False,9,Liverpool,MID,65,Liverpool,Newcastle,2,2,False,Newcastle,1
James McConnell,378,0,0,0,0,0,0,0,0,0,0,0,0,0,0.0,0.0,0.0,0.0,0,0.00,0.00,0.00,0.00,0,False,9,Liverpool,MID,45,Liverpool,Newcastle,2,2,False,Newcastle,1
Alexander Isak,379,90,0,0,0,2,0,0,0,0,0,0,0,6,11.4,14.6,66.0,9.2,1,1.09,0.01,1.10,1.58,2,False,9,Liverpool,FWD,90,Liverpool,Newcastle,2,2,False,Newcastle,1
Hugo Ekitiké,380,0,0,0,0,0,0,0,0,0,0,0,0,0,0.0,0.0,0.0,0.0,0,0.00,0.00,0.00,0.00,0,False,9,Liverpool,FWD,75,Liverpool,Newcastle,2,2,False,Newcastle,1
Lewis Koumas,381,12,0,0,0,0,0,0,0,0,0,0,0,4,1.2,0.5,7.0,0.9,0,0.03,0.00,0.03,0.48,1,False,9,Liverpool,MID,50,Liverpool,Newcastle,2,2,False,Newcastle,1
Jayden Danns,382,0,0,0,0,0,0,0,0,0,0,0,0,0,0.0,0.0,0.0,0.0,0,0.00,0.00,0.00,0.00,0,False,9,Liverpool,FWD,45,Liverpool,Newcastle,2,2,False,Newcastle,1
Harvey Elliott,383,0,0,0,0,0,0,0,0,0,0,0,0,0,0.0,0.0,0.0,0.0,0,0.00,0.00,0.00,0.00,0,False,9,Liverpool,MID,55,Liverpool,Newcastle,2,2,False,Newcastle,1
Gianluigi Donnarumma,384,90,0,0,0,1,0,0,0,0,0,3,0,12,26.8,0.0,0.0,2.7,1,0.00,0.00,0.00,0.65,3,False,8,Manchester City,GK,55,Bournemouth,Manchester City,1,2,True,Bournemouth,1
James Trafford,385,90,0,0,1,0,0,0,0,0,0,3,2,28,19.4,0.0,0.0,1.9,1,0.00,0.00,0.00,0.66,9,False,6,Leeds United,GK,50,Leeds United,Nottingham,1,0,False,Nottingham,1
Marcus Bettinelli,386,0,0,0,0,0,0,0,0,0,0,0,0,0,0.0,0.0,0.0,0.0,0,0.00,0.00,0.00,0.00,0,False,8,Manchester City,GK,45,Bournemouth,Manchester City,1,2,True,Bournemouth,1
Nico O'Reilly,387,62,0,0,0,1,0,0,0,0,0,0,0,5,8.8,30.4,11.0,5.0,1,0.07,0.41,0.48,0.55,2,False,8,Manchester City,DEF,65,Bournemouth,Manchester City,1,2,True,Bournemouth,1
Marc Guéhi,388,90,1,0,0,1,0,0,0,0,0,0,2,31,43.6,17.5,28.0,8.9,1,0.89,0.32,1.21,0.65,10,False,8,Manchester City,DEF,60,Bournemouth,Manchester City,1,2,True,Bournemouth,1
Matheus Nunes,389,33,0,0,0,0,0,0,0,0,0,0,0,4,3.8,1.5,4.0,0.9,0,0.00,0.04,0.04,0.10,1,False,8,Manchester City,DEF,60,Bournemouth,Manchester City,1,2,True,Bournemouth,1
Rúben dos Santos Gato Alves Dias,390,90,0,0,0,1,0,0,0,0,0,0,0,11,24.4,17.9,2.0,4.4,1,0.00,0.14,0.14,0.65,2,False,8,Manchester City,DEF,55,Bournemouth,Manchester City,1,2,True,Bournemouth,1
Joško Gvardiol,391,90,1,0,0,1,0,0,0,0,0,0,1,28,47.6,13.3,17.0,7.8,1,0.19,0.05,0.24,0.65,9,False,8,Manchester City,DEF,55,Bournemouth,Manchester City,1,2,True,Bournemouth,1
Rayan Aït-Nouri,392,0,0,0,0,0,0,0,0,0,0,0,0,0,0.0,0.0,0.0,0.0,0,0.00,0.00,0.00,0.00,0,False,8,Manchester City,DEF,55,Bournemouth,Manchester City,1,2,True,Bournemouth,1
Abdukodir Khusanov,393,90,0,0,0,1,0,0,0,0,0,0,0,14,17.0,3.4,0.0,2.0,1,0.00,0.02,0.02,0.65,2,False,8,Manchester City,DEF,55,Bournemouth,Manchester City,1,2,True,Bournemouth,1
Max Alleyne,394,0,0,0,0,0,0,0,0,0,0,0,0,0,0.0,0.0,0.0,0.0,0,0.00,0.00,0.00,0.00,0,False,8,Manchester City,DEF,50,Bournemouth,Manchester City,1,2,True,Bournemouth,1
Rico Lewis,395,56,0,0,0,1,0,0,0,0,0,0,0,-1,3.8,3.8,39.0,4.7,1,0.17,0.02,0.19,0.55,1,False,8,Manchester City,DEF,45,Bournemouth,Manchester City,1,2,True,Bournemouth,1
Vitor de Oliveira Nunes dos Reis,396,0,0,0,0,0,0,0,0,0,0,0,0,0,0.0,0.0,0.0,0.0,0,0.00,0.00,0.00,0.00,0,False,8,Manchester City,DEF,45,Bournemouth,Manchester City,1,2,True,Bournemouth,1
Antoine Semenyo,397,90,0,0,0,1,0,0,0,0,0,0,0,16,5.8,8.9,31.0,4.6,1,0.06,0.02,0.08,0.65,2,False,8,Manchester City,MID,85,Bournemouth,Manchester City,1,2,True,Bournemouth,1
Phil Foden,398,81,0,0,0,1,0,0,0,1,0,0,0,15,10.4,49.6,15.0,7.5,1,0.12,0.40,0.52,0.65,1,False,8,Manchester City,MID,70,Bournemouth,Manchester City,1,2,True,Bournemouth,1
Rayan Cherki,399,27,0,2,0,0,0,0,0,0,0,0,1,28,39.2,48.8,4.0,9.2,0,0.00,0.50,0.50,0.10,8,False,8,Manchester City,MID,75,Bournemouth,Manchester City,1,2,True,Bournemouth,1
Jérémy Doku,400,0,0,0,0,0,0,0,0,0,0,0,0,0,0.0,0.0,0.0,0.0,0,0.00,0.00,0.00,0.00,0,False,8,Manchester City,MID,75,Bournemouth,Manchester City,1,2,True,Bournemouth,1
Omar Marmoush,401,0,0,0,0,0,0,0,0,0,0,0,0,0,0.0,0.0,0.0,0.0,0,0.00,0.00,0.00,0.00,0,False,8,Manchester City,FWD,70,Bournemouth,Manchester City,1,2,True,Bournemouth,1
Rodrigo 'Rodri' Hernandez Cascante,402,0,0,0,0,0,0,0,0,0,0,0,0,0,0.0,0.0,0.0,0.0,0,0.00,0.00,0.00,0.00,0,False,8,Manchester City,MID,65,Bournemouth,Manchester City,1,2,True,Bournemouth,1
Sávio Moreira de Oliveira,403,0,0,0,0,0,0,0,0,0,0,0,0,0,0.0,0.0,0.0,0.0,0,0.00,0.00,0.00,0.00,0,False,8,Sunderland,MID,65,Bournemouth,Sunderland,1,2,True,Bournemouth,1
Tijjani Reijnders,404,0,0,0,0,0,0,0,0,0,0,0,0,0,0.0,0.0,0.0,0.0,0,0.00,0.00,0.00,0.00,0,False,8,Manchester City,MID,60,Bournemouth,Manchester City,1,2,True,Bournemouth,1
Nico González Iglesias,405,0,0,0,0,0,0,0,0,0,0,0,0,0,0.0,0.0,0.0,0.0,0,0.00,0.00,0.00,0.00,0,False,8,Manchester City,MID,55,Bournemouth,Manchester City,1,2,True,Bournemouth,1
Mateo Kovačić,406,27,0,0,0,0,0,0,0,0,0,0,0,3,2.2,2.1,0.0,0.4,0,0.00,0.01,0.01,0.10,1,False,8,Manchester City,MID,55,Bournemouth,Manchester City,1,2,True,Bournemouth,1
Claudio Echeverri,407,0,0,0,0,0,0,0,0,0,0,0,0,0,0.0,0.0,0.0,0.0,0,0.00,0.00,0.00,0.00,0,False,8,Manchester City,MID,50,Bournemouth,Manchester City,1,2,True,Bournemouth,1
Kalvin Phillips,408,0,0,0,0,0,0,0,0,0,0,0,0,0,0.0,0.0,0.0,0.0,0,0.00,0.00,0.00,0.00,0,False,8,Manchester City,MID,50,Bournemouth,Manchester City,1,2,True,Bournemouth,1
Divine Mukasa,409,0,0,0,0,0,0,0,0,0,0,0,0,0,0.0,0.0,0.0,0.0,0,0.00,0.00,0.00,0.00,0,False,8,Manchester City,MID,45,Bournemouth,Manchester City,1,2,True,Bournemouth,1
Jeremy Monga,410,0,0,0,0,0,0,0,0,0,0,0,0,0,0.0,0.0,0.0,0.0,0,0.00,0.00,0.00,0.00,0,False,8,Manchester City,MID,50,Bournemouth,Manchester City,1,2,True,Bournemouth,1
Erling Haaland,411,90,0,0,0,1,0,0,0,0,0,0,0,6,3.8,5.2,50.0,5.9,1,0.74,0.02,0.76,0.65,2,False,8,Manchester City,FWD,155,Bournemouth,Manchester City,1,2,True,Bournemouth,1
Senne Lammens,412,90,0,0,0,2,0,0,0,0,0,2,0,7,20.2,0.0,0.0,2.0,1,0.00,0.00,0.00,1.01,1,False,4,Manchester United,GK,50,Manchester United,Hull City,0,2,False,Hull City,1
Altay Bayındır,413,0,0,0,0,0,0,0,0,0,0,0,0,0,0.0,0.0,0.0,0.0,0,0.00,0.00,0.00,0.00,0,False,4,Manchester United,GK,45,Manchester United,Hull City,0,2,False,Hull City,1
Tom Heaton,414,0,0,0,0,0,0,0,0,0,0,0,0,0,0.0,0.0,0.0,0.0,0,0.00,0.00,0.00,0.00,0,False,4,Manchester United,GK,40,Manchester United,Hull City,0,2,False,Hull City,1
Patrick Dorgu,415,45,0,0,0,2,0,0,0,1,0,0,0,-11,0.0,1.2,16.0,0.7,1,0.47,0.03,0.50,0.92,0,False,4,Manchester United,MID,60,Manchester United,Hull City,0,2,False,Hull City,1
Matthijs de Ligt,416,0,0,0,0,0,0,0,0,0,0,0,0,0,0.0,0.0,0.0,0.0,0,0.00,0.00,0.00,0.00,0,False,4,Manchester United,DEF,50,Manchester United,Hull City,0,2,False,Hull City,1
Diogo Dalot Teixeira,417,10,0,0,0,0,0,0,0,0,0,0,0,6,7.6,11.3,0.0,1.9,0,0.00,0.00,0.00,0.00,1,False,4,Manchester United,DEF,50,Manchester United,Hull City,0,2,False,Hull City,1
Harry Maguire,418,90,0,0,0,2,0,0,0,0,0,0,0,15,25.4,28.6,19.0,7.3,1,0.04,0.40,0.44,1.01,1,False,4,Manchester United,DEF,50,Manchester United,Hull City,0,2,False,Hull City,1
Lisandro Martínez,419,0,0,0,0,0,0,0,0,0,0,0,0,0,0.0,0.0,0.0,0.0,0,0.00,0.00,0.00,0.00,0,False,4,Manchester United,DEF,50,Manchester United,Hull City,0,2,False,Hull City,1
Leny Yoro,420,0,0,0,0,0,0,0,0,0,0,0,0,0,0.0,0.0,0.0,0.0,0,0.00,0.00,0.00,0.00,0,False,4,Manchester United,DEF,50,Manchester United,Hull City,0,2,False,Hull City,1
Ayden Heaven,421,90,0,0,0,2,0,0,0,0,0,0,0,5,6.8,2.6,11.0,2.0,1,0.12,0.04,0.16,1.01,1,False,4,Manchester United,DEF,45,Manchester United,Hull City,0,2,False,Hull City,1
Noussair Mazraoui,422,79,0,0,0,2,0,0,0,0,0,0,0,8,17.4,29.4,9.0,5.6,1,0.22,0.05,0.27,1.01,1,False,4,Manchester United,DEF,45,Manchester United,Hull City,0,2,False,Hull City,1
Luke Shaw,423,90,0,0,0,2,0,0,0,0,0,0,0,13,25.2,59.2,6.0,9.0,1,0.00,0.26,0.26,1.01,1,False,4,Manchester United,DEF,45,Manchester United,Hull City,0,2,False,Hull City,1
Harry Amass,424,0,0,0,0,0,0,0,0,0,0,0,0,0,0.0,0.0,0.0,0.0,0,0.00,0.00,0.00,0.00,0,False,4,Manchester United,DEF,40,Manchester United,Hull City,0,2,False,Hull City,1
Tyler Fredricson,425,0,0,0,0,0,0,0,0,0,0,0,0,0,0.0,0.0,0.0,0.0,0,0.00,0.00,0.00,0.00,0,False,4,Manchester United,DEF,40,Manchester United,Hull City,0,2,False,Hull City,1
Bruno Borges Fernandes,426,90,0,0,0,2,0,0,0,0,0,0,0,18,20.2,55.4,17.0,9.3,1,0.08,0.26,0.34,1.01,2,False,4,Manchester United,MID,120,Manchester United,Hull City,0,2,False,Hull City,1
Bryan Mbeumo,427,90,0,0,0,2,0,0,0,0,0,0,0,12,9.6,28.1,49.0,8.7,1,0.50,0.23,0.73,1.01,2,False,4,Manchester United,MID,80,Manchester United,Hull City,0,2,False,Hull City,1
Matheus Santos Carneiro da Cunha,428,79,0,0,0,2,0,0,0,0,0,0,0,14,5.4,28.2,35.0,6.9,1,0.24,0.21,0.45,1.01,2,False,4,Manchester United,MID,80,Manchester United,Hull City,0,2,False,Hull City,1
Marcus Rashford,429,45,0,0,0,0,0,0,0,0,0,0,0,9,11.6,48.6,4.0,6.4,0,0.00,0.10,0.10,0.09,1,False,4,Manchester United,MID,70,Manchester United,Hull City,0,2,False,Hull City,1
Mason Mount,430,0,0,0,0,0,0,0,0,0,0,0,0,0,0.0,0.0,0.0,0.0,0,0.00,0.00,0.00,0.00,0,False,4,Manchester United,MID,55,Manchester United,Hull City,0,2,False,Hull City,1
Amad Diallo,431,0,0,0,0,0,0,0,0,0,0,0,0,0,0.0,0.0,0.0,0.0,0,0.00,0.00,0.00,0.00,0,False,4,Manchester United,MID,60,Manchester United,Hull City,0,2,False,Hull City,1
Kobbie Mainoo,432,23,0,0,0,0,0,0,0,0,0,0,0,7,2.8,2.5,2.0,0.7,0,0.07,0.01,0.08,0.07,1,False,4,Manchester United,MID,55,Manchester United,Hull City,0,2,False,Hull City,1
Manuel Ugarte Ribeiro,433,0,0,0,0,0,0,0,0,0,0,0,0,0,0.0,0.0,0.0,0.0,0,0.00,0.00,0.00,0.00,0,False,4,Manchester United,MID,50,Manchester United,Hull City,0,2,False,Hull City,1
Jack Fletcher,434,0,0,0,0,0,0,0,0,0,0,0,0,0,0.0,0.0,0.0,0.0,0,0.00,0.00,0.00,0.00,0,False,4,Manchester United,MID,50,Manchester United,Hull City,0,2,False,Hull City,1
Shea Lacey,435,10,0,0,0,0,0,0,0,0,0,0,0,3,0.2,0.6,0.0,0.1,0,0.00,0.00,0.00,0.00,1,False,4,Manchester United,MID,50,Manchester United,Hull City,0,2,False,Hull City,1
Toby Collyer,436,0,0,0,0,0,0,0,0,0,0,0,0,0,0.0,0.0,0.0,0.0,0,0.00,0.00,0.00,0.00,0,False,4,Manchester United,MID,50,Manchester United,Hull City,0,2,False,Hull City,1
Bendito Mantato,437,0,0,0,0,0,0,0,0,0,0,0,0,0,0.0,0.0,0.0,0.0,0,0.00,0.00,0.00,0.00,0,False,4,Manchester United,MID,45,Manchester United,Hull City,0,2,False,Hull City,1
Tyler Fletcher,438,0,0,0,0,0,0,0,0,0,0,0,0,0,0.0,0.0,0.0,0.0,0,0.00,0.00,0.00,0.00,0,False,4,Manchester United,MID,45,Manchester United,Hull City,0,2,False,Hull City,1
Benjamin Sesko,439,23,0,0,0,0,0,0,0,0,0,0,0,2,0.0,0.5,9.0,0.9,0,0.04,0.00,0.04,0.07,1,False,4,Manchester United,FWD,70,Manchester United,Hull City,0,2,False,Hull City,1
Joshua Zirkzee,440,0,0,0,0,0,0,0,0,0,0,0,0,0,0.0,0.0,0.0,0.0,0,0.00,0.00,0.00,0.00,0,False,4,Manchester United,FWD,55,Manchester United,Hull City,0,2,False,Hull City,1
Chido Obi,441,0,0,0,0,0,0,0,0,0,0,0,0,0,0.0,0.0,0.0,0.0,0,0.00,0.00,0.00,0.00,0,False,4,Manchester United,FWD,45,Manchester United,Hull City,0,2,False,Hull City,1
Nick Pope,442,0,0,0,0,0,0,0,0,0,0,0,0,0,0.0,0.0,0.0,0.0,0,0.00,0.00,0.00,0.00,0,False,9,Newcastle,GK,50,Liverpool,Newcastle,2,2,True,Liverpool,1
Mark Gillespie,443,0,0,0,0,0,0,0,0,0,0,0,0,0,0.0,0.0,0.0,0.0,0,0.00,0.00,0.00,0.00,0,False,9,Newcastle,GK,45,Liverpool,Newcastle,2,2,True,Liverpool,1
Ewen Jaouen,444,0,0,0,0,0,0,0,0,0,0,0,0,0,0.0,0.0,0.0,0.0,0,0.00,0.00,0.00,0.00,0,False,9,Newcastle,GK,45,Liverpool,Newcastle,2,2,True,Liverpool,1
Malick Thiaw,445,90,0,0,0,2,0,0,0,0,0,0,0,0,37.8,0.2,0.0,3.8,1,0.00,0.00,0.00,2.98,3,False,9,Newcastle,DEF,50,Liverpool,Newcastle,2,2,True,Liverpool,1
Fabian Schär,446,1,0,0,0,1,0,0,0,0,0,0,0,-1,0.0,0.0,0.0,0.0,0,0.00,0.00,0.00,0.79,1,False,9,Newcastle,DEF,50,Liverpool,Newcastle,2,2,True,Liverpool,1
Sven Botman,447,90,0,0,0,2,0,0,0,0,0,0,0,4,32.4,0.3,0.0,3.3,1,0.00,0.01,0.01,2.98,3,False,9,Newcastle,DEF,50,Liverpool,Newcastle,2,2,True,Liverpool,1
Dan Burn,448,0,0,0,0,0,0,0,0,0,0,0,0,0,0.0,0.0,0.0,0.0,0,0.00,0.00,0.00,0.00,0,False,9,Newcastle,DEF,50,Liverpool,Newcastle,2,2,True,Liverpool,1
Lewis Hall,449,90,0,0,0,2,0,0,0,0,0,0,0,8,22.0,15.2,0.0,3.7,1,0.00,0.35,0.35,2.98,3,False,9,Newcastle,DEF,50,Liverpool,Newcastle,2,2,True,Liverpool,1
Tino Livramento,450,0,0,0,0,0,0,0,0,0,0,0,0,0,0.0,0.0,0.0,0.0,0,0.00,0.00,0.00,0.00,0,False,9,Newcastle,DEF,50,Liverpool,Newcastle,2,2,True,Liverpool,1
Alex Murphy,451,0,0,0,0,0,0,0,0,0,0,0,0,0,0.0,0.0,0.0,0.0,0,0.00,0.00,0.00,0.00,0,False,9,Newcastle,DEF,40,Liverpool,Newcastle,2,2,True,Liverpool,1
Bruno Guimarães Rodriguez Moura,452,0,0,0,0,0,0,0,0,0,0,0,0,0,0.0,0.0,0.0,0.0,0,0.00,0.00,0.00,0.00,0,False,1,Arsenal,MID,70,Coventry City,Arsenal,0,3,True,Coventry City,1
Harvey Barnes,453,90,0,0,0,2,0,0,0,0,0,0,0,12,5.2,2.4,9.0,1.7,1,0.07,0.02,0.09,2.98,2,False,9,Newcastle,MID,60,Liverpool,Newcastle,2,2,True,Liverpool,1
Anthony Elanga,454,75,1,0,0,1,0,0,0,0,0,0,2,31,37.4,3.5,28.0,6.9,1,0.22,0.01,0.23,1.94,9,False,9,Newcastle,MID,60,Liverpool,Newcastle,2,2,True,Liverpool,1
Sandro Tonali,455,90,0,0,0,3,0,0,0,0,0,0,0,14,6.2,6.4,8.0,2.1,1,0.04,0.06,0.10,3.87,2,False,2,Sunderland,MID,55,Sunderland,Brentford,0,3,False,Brentford,1
Jacob Ramsey,456,34,0,0,0,1,0,0,0,1,0,0,0,1,7.8,1.3,4.0,1.3,0,0.06,0.01,0.07,1.50,0,False,9,Newcastle,MID,50,Liverpool,Newcastle,2,2,True,Liverpool,1
Jacob Murphy,457,14,0,0,0,1,0,0,0,1,0,0,0,-1,0.0,0.1,2.0,0.1,0,0.00,0.00,0.00,1.04,0,False,9,Newcastle,MID,60,Liverpool,Newcastle,2,2,True,Liverpool,1
Joelinton Cássio Apolinário de Lira,458,0,0,0,0,0,0,0,0,0,0,0,0,0,0.0,0.0,0.0,0.0,0,0.00,0.00,0.00,0.00,0,False,9,Newcastle,MID,55,Liverpool,Newcastle,2,2,True,Liverpool,1
Lewis Miley,459,75,0,0,0,1,0,0,0,1,0,0,0,13,15.6,21.4,3.0,4.0,1,0.05,0.01,0.06,1.94,3,False,9,Newcastle,MID,55,Liverpool,Newcastle,2,2,True,Liverpool,1
Joe Willock,460,34,1,0,0,1,0,0,0,0,0,0,0,28,38.4,13.9,9.0,6.1,0,0.09,0.17,0.26,1.50,6,False,9,Newcastle,MID,50,Liverpool,Newcastle,2,2,True,Liverpool,1
Bazoumana Touré,461,0,0,0,0,0,0,0,0,0,0,0,0,0,0.0,0.0,0.0,0.0,0,0.00,0.00,0.00,0.00,0,False,9,Newcastle,MID,60,Liverpool,Newcastle,2,2,True,Liverpool,1
Sean Steur,462,55,0,0,0,1,0,0,0,0,0,0,0,3,0.4,1.2,0.0,0.2,1,0.00,0.00,0.00,1.48,1,False,9,Newcastle,MID,50,Liverpool,Newcastle,2,2,True,Liverpool,1
Nick Woltemade,463,0,0,0,0,0,0,0,0,0,0,0,0,0,0.0,0.0,0.0,0.0,0,0.00,0.00,0.00,0.00,0,False,9,Newcastle,FWD,60,Liverpool,Newcastle,2,2,True,Liverpool,1
Yoane Wissa,464,90,0,1,0,1,0,0,0,1,0,0,0,7,20.0,16.3,28.0,6.4,1,1.00,0.02,1.02,2.19,4,False,9,Newcastle,FWD,60,Liverpool,Newcastle,2,2,True,Liverpool,1
William Osula,465,55,0,1,0,1,0,0,0,0,0,0,0,18,28.2,13.7,8.0,5.0,1,0.06,0.14,0.20,1.48,4,False,9,Newcastle,FWD,60,Liverpool,Newcastle,2,2,True,Liverpool,1
Sean Neave,466,0,0,0,0,0,0,0,0,0,0,0,0,0,0.0,0.0,0.0,0.0,0,0.00,0.00,0.00,0.00,0,False,9,Newcastle,FWD,45,Liverpool,Newcastle,2,2,True,Liverpool,1
Matz Sels,467,90,0,0,0,1,0,0,0,0,0,2,0,11,14.2,0.0,0.0,1.4,1,0.00,0.00,0.00,0.47,2,False,6,Nottingham,GK,50,Leeds United,Nottingham,1,0,True,Leeds United,1
John Victor Maciel Furtado,468,0,0,0,0,0,0,0,0,0,0,0,0,0,0.0,0.0,0.0,0.0,0,0.00,0.00,0.00,0.00,0,False,6,Nottingham,GK,45,Leeds United,Nottingham,1,0,True,Leeds United,1
Neco Williams,469,90,0,0,0,1,0,0,0,0,0,0,0,13,15.2,5.8,6.0,2.7,1,0.00,0.02,0.02,0.47,2,False,6,Nottingham,DEF,50,Leeds United,Nottingham,1,0,True,Leeds United,1
Felipe Rodrigues da Silva,470,0,0,0,0,0,0,0,0,0,0,0,0,0,0.0,0.0,0.0,0.0,0,0.00,0.00,0.00,0.00,0,False,6,Nottingham,DEF,50,Leeds United,Nottingham,1,0,True,Leeds United,1
Nikola Milenković,471,90,0,0,0,1,0,0,0,0,0,0,0,4,7.6,0.6,14.0,2.2,1,0.11,0.02,0.13,0.47,2,False,6,Nottingham,DEF,55,Leeds United,Nottingham,1,0,True,Leeds United,1
Murillo Costa dos Santos,472,90,0,0,0,1,0,0,0,0,0,0,0,15,32.2,25.9,0.0,5.8,1,0.00,0.28,0.28,0.47,4,False,6,Nottingham,DEF,55,Leeds United,Nottingham,1,0,True,Leeds United,1
Ola Aina,473,73,0,0,1,0,0,0,0,1,0,0,0,24,16.0,35.6,11.0,6.3,1,0.04,0.17,0.21,0.34,5,False,6,Nottingham,DEF,45,Leeds United,Nottingham,1,0,True,Leeds United,1
Jair Paula da Cunha Filho,474,90,0,0,0,1,0,0,0,1,0,0,0,5,20.8,1.3,0.0,2.2,1,0.00,0.00,0.00,0.47,1,False,6,Nottingham,DEF,45,Leeds United,Nottingham,1,0,True,Leeds United,1
Nicolò Savona,475,0,0,0,0,0,0,0,0,0,0,0,0,0,0.0,0.0,0.0,0.0,0,0.00,0.00,0.00,0.00,0,False,6,Nottingham,DEF,45,Leeds United,Nottingham,1,0,True,Leeds United,1
Omar Richards,476,0,0,0,0,0,0,0,0,0,0,0,0,0,0.0,0.0,0.0,0.0,0,0.00,0.00,0.00,0.00,0,False,6,Nottingham,DEF,40,Leeds United,Nottingham,1,0,True,Leeds United,1
Zach Abbott,477,0,0,0,0,0,0,0,0,0,0,0,0,0,0.0,0.0,0.0,0.0,0,0.00,0.00,0.00,0.00,0,False,6,Nottingham,DEF,40,Leeds United,Nottingham,1,0,True,Leeds United,1
Luca Netz,478,16,0,0,0,1,0,0,0,0,0,0,0,-2,0.0,0.9,0.0,0.1,0,0.00,0.00,0.00,0.13,1,False,6,Nottingham,DEF,45,Leeds United,Nottingham,1,0,True,Leeds United,1
Tyler Bindon,479,0,0,0,0,0,0,0,0,0,0,0,0,0,0.0,0.0,0.0,0.0,0,0.00,0.00,0.00,0.00,0,False,6,Nottingham,DEF,40,Leeds United,Nottingham,1,0,True,Leeds United,1
Morgan Gibbs-White,480,90,0,0,0,1,0,0,0,0,0,0,0,10,0.0,9.3,16.0,2.4,1,0.13,0.06,0.19,0.47,2,False,6,Nottingham,MID,80,Leeds United,Nottingham,1,0,True,Leeds United,1
Elliot Anderson,481,62,0,0,0,1,0,0,0,0,0,0,0,14,7.2,20.8,0.0,2.8,1,0.00,0.25,0.25,0.55,2,False,8,Manchester City,MID,65,Bournemouth,Manchester City,1,2,True,Bournemouth,1
Callum Hudson-Odoi,482,0,0,0,0,0,0,0,0,0,0,0,0,0,0.0,0.0,0.0,0.0,0,0.00,0.00,0.00,0.00,0,False,6,Nottingham,MID,60,Leeds United,Nottingham,1,0,True,Leeds United,1
Dan Ndoye,483,61,0,0,1,0,0,0,0,0,0,0,0,5,1.4,2.5,0.0,0.4,1,0.00,0.00,0.00,0.25,3,False,6,Nottingham,MID,55,Leeds United,Nottingham,1,0,True,Leeds United,1
Omari Hutchinson,484,0,0,0,0,0,0,0,0,0,0,0,0,0,0.0,0.0,0.0,0.0,0,0.00,0.00,0.00,0.00,0,False,6,Nottingham,MID,55,Leeds United,Nottingham,1,0,True,Leeds United,1
Dilane Bakwa,485,0,0,0,0,0,0,0,0,0,0,0,0,0,0.0,0.0,0.0,0.0,0,0.00,0.00,0.00,0.00,0,False,6,Nottingham,MID,55,Leeds United,Nottingham,1,0,True,Leeds United,1
James McAtee,486,73,0,0,1,0,0,0,0,0,0,0,0,18,11.6,42.5,0.0,5.4,1,0.00,0.16,0.16,0.34,3,False,6,Nottingham,MID,55,Leeds United,Nottingham,1,0,True,Leeds United,1
Nicolás Domínguez,487,0,0,0,0,0,0,0,0,0,0,0,0,0,0.0,0.0,0.0,0.0,0,0.00,0.00,0.00,0.00,0,False,6,Nottingham,MID,50,Leeds United,Nottingham,1,0,True,Leeds United,1
Ibrahim Sangaré,488,90,0,0,0,1,0,0,0,0,0,0,0,10,17.8,13.0,3.0,3.4,1,0.03,0.01,0.04,0.47,2,False,6,Nottingham,MID,50,Leeds United,Nottingham,1,0,True,Leeds United,1
Ryan Yates,489,0,0,0,0,0,0,0,0,0,0,0,0,0,0.0,0.0,0.0,0.0,0,0.00,0.00,0.00,0.00,0,False,6,Nottingham,MID,45,Leeds United,Nottingham,1,0,True,Leeds United,1
Chris Wood,490,28,0,0,0,1,0,0,0,0,0,0,0,3,0.0,2.4,3.0,0.4,0,0.12,0.01,0.13,0.22,1,False,6,Nottingham,FWD,60,Leeds United,Nottingham,1,0,True,Leeds United,1
Igor Jesus Maciel da Cruz,491,90,0,0,0,1,0,0,0,0,0,0,0,8,5.2,6.8,31.0,4.3,1,0.22,0.02,0.24,0.47,2,False,6,Nottingham,FWD,60,Leeds United,Nottingham,1,0,True,Leeds United,1
Taiwo Awoniyi,492,20,0,0,0,0,0,0,0,0,0,0,0,4,0.0,1.4,0.0,0.1,0,0.00,0.00,0.00,0.29,1,False,1,Coventry City,FWD,55,Coventry City,Arsenal,0,3,False,Arsenal,1
Arnaud Kalimuendo,493,1,0,0,0,0,0,0,0,0,0,0,0,3,0.0,0.0,0.0,0.0,0,0.00,0.00,0.00,0.00,1,False,6,Nottingham,FWD,55,Leeds United,Nottingham,1,0,True,Leeds United,1
Guglielmo Vicario,494,0,0,0,0,0,0,0,0,0,0,0,0,0,0.0,0.0,0.0,0.0,0,0.00,0.00,0.00,0.00,0,False,2,Sunderland,GK,45,Sunderland,Brentford,0,3,False,Brentford,1
Brandon Austin,495,0,0,0,0,0,0,0,0,0,0,0,0,0,0.0,0.0,0.0,0.0,0,0.00,0.00,0.00,0.00,0,False,2,Sunderland,GK,40,Sunderland,Brentford,0,3,False,Brentford,1
Antonín Kinský,496,90,0,0,0,3,0,0,0,0,0,5,0,15,43.6,0.0,0.0,4.4,1,0.00,0.00,0.00,3.87,2,False,2,Sunderland,GK,45,Sunderland,Brentford,0,3,False,Brentford,1
Martin Dubravka,497,0,0,0,0,0,0,0,0,0,0,0,0,0,0.0,0.0,0.0,0.0,0,0.00,0.00,0.00,0.00,0,False,2,Sunderland,GK,40,Sunderland,Brentford,0,3,False,Brentford,1
Marcos Senesi Barón,498,90,0,0,0,3,0,0,0,0,0,0,0,10,36.6,2.2,0.0,3.9,1,0.00,0.02,0.02,3.87,3,False,2,Sunderland,DEF,60,Sunderland,Brentford,0,3,False,Brentford,1
Pedro Porro Sauceda,499,0,0,0,0,0,0,0,0,0,0,0,0,0,0.0,0.0,0.0,0.0,0,0.00,0.00,0.00,0.00,0,False,2,Sunderland,DEF,55,Sunderland,Brentford,0,3,False,Brentford,1
Cristian Romero,500,0,0,0,0,0,0,0,0,0,0,0,0,0,0.0,0.0,0.0,0.0,0,0.00,0.00,0.00,0.00,0,False,2,Sunderland,DEF,50,Sunderland,Brentford,0,3,False,Brentford,1
Kevin Danso,501,0,0,0,0,0,0,0,0,0,0,0,0,0,0.0,0.0,0.0,0.0,0,0.00,0.00,0.00,0.00,0,False,2,Sunderland,DEF,50,Sunderland,Brentford,0,3,False,Brentford,1
Andrew Robertson,502,90,0,0,0,3,0,0,0,0,0,0,0,13,31.8,19.2,2.0,5.3,1,0.00,0.06,0.06,3.87,3,False,2,Sunderland,DEF,45,Sunderland,Brentford,0,3,False,Brentford,1
Micky van de Ven,503,0,0,0,0,0,0,0,0,0,0,0,0,0,0.0,0.0,0.0,0.0,0,0.00,0.00,0.00,0.00,0,False,2,Sunderland,DEF,50,Sunderland,Brentford,0,3,False,Brentford,1
Luka Vušković,504,90,0,0,1,0,0,0,0,0,0,0,0,19,12.4,4.5,12.0,2.9,1,0.13,0.03,0.16,0.29,6,False,7,Brighton,DEF,50,Aston Villa,Brighton,0,4,True,Aston Villa,1
Djed Spence,505,0,0,0,0,0,0,0,0,0,0,0,0,0,0.0,0.0,0.0,0.0,0,0.00,0.00,0.00,0.00,0,False,2,Sunderland,DEF,45,Sunderland,Brentford,0,3,False,Brentford,1
Destiny Udogie,506,4,0,0,0,0,0,0,0,0,0,0,0,3,0.0,0.7,0.0,0.0,0,0.00,0.02,0.02,0.44,1,False,2,Sunderland,DEF,45,Sunderland,Brentford,0,3,False,Brentford,1
Ashley Phillips,507,0,0,0,0,0,0,0,0,0,0,0,0,0,0.0,0.0,0.0,0.0,0,0.00,0.00,0.00,0.00,0,False,2,Sunderland,DEF,45,Sunderland,Brentford,0,3,False,Brentford,1
Ben Davies,508,0,0,0,0,0,0,0,0,0,0,0,0,0,0.0,0.0,0.0,0.0,0,0.00,0.00,0.00,0.00,0,False,2,Sunderland,DEF,40,Sunderland,Brentford,0,3,False,Brentford,1
Jun'ai Byfield,509,0,0,0,0,0,0,0,0,0,0,0,0,0,0.0,0.0,0.0,0.0,0,0.00,0.00,0.00,0.00,0,False,2,Sunderland,DEF,40,Sunderland,Brentford,0,3,False,Brentford,1
James Rowswell,510,0,0,0,0,0,0,0,0,0,0,0,0,0,0.0,0.0,0.0,0.0,0,0.00,0.00,0.00,0.00,0,False,2,Sunderland,DEF,40,Sunderland,Brentford,0,3,False,Brentford,1
João Victor de Souza Menezes,511,0,0,0,0,0,0,0,0,0,0,0,0,0,0.0,0.0,0.0,0.0,0,0.00,0.00,0.00,0.00,0,False,2,Sunderland,DEF,40,Sunderland,Brentford,0,3,False,Brentford,1
Mohammed Kudus,512,0,0,0,0,0,0,0,0,0,0,0,0,0,0.0,0.0,0.0,0.0,0,0.00,0.00,0.00,0.00,0,False,2,Sunderland,MID,65,Sunderland,Brentford,0,3,False,Brentford,1
Xavi Simons,513,0,0,0,0,0,0,0,0,0,0,0,0,0,0.0,0.0,0.0,0.0,0,0.00,0.00,0.00,0.00,0,False,2,Sunderland,MID,60,Sunderland,Brentford,0,3,False,Brentford,1
Mathys Tel,514,90,0,0,0,3,0,0,0,0,0,0,0,17,10.4,26.0,9.0,4.5,1,0.06,0.06,0.12,3.87,2,False,2,Sunderland,MID,60,Sunderland,Brentford,0,3,False,Brentford,1
James Maddison,515,22,0,0,0,0,0,0,0,0,0,0,0,6,4.4,8.3,8.0,2.1,0,0.00,0.01,0.01,0.85,1,False,2,Sunderland,MID,65,Sunderland,Brentford,0,3,False,Brentford,1
Rodrigo Bentancur,516,45,0,0,0,1,0,0,0,0,0,0,0,8,2.0,14.7,0.0,1.7,0,0.00,0.01,0.01,2.18,1,False,2,Sunderland,MID,55,Sunderland,Brentford,0,3,False,Brentford,1
Wilson Odobert,517,0,0,0,0,0,0,0,0,0,0,0,0,0,0.0,0.0,0.0,0.0,0,0.00,0.00,0.00,0.00,0,False,2,Sunderland,MID,55,Sunderland,Brentford,0,3,False,Brentford,1
Pape Matar Sarr,518,0,0,0,0,0,0,0,0,0,0,0,0,0,0.0,0.0,0.0,0.0,0,0.00,0.00,0.00,0.00,0,False,2,Sunderland,MID,50,Sunderland,Brentford,0,3,False,Brentford,1
Conor Gallagher,519,45,0,0,0,2,0,0,0,1,0,0,0,1,0.0,5.5,1.0,0.5,1,0.02,0.06,0.08,1.70,0,False,2,Sunderland,MID,55,Sunderland,Brentford,0,3,False,Brentford,1
Lucas Bergvall,520,45,0,0,0,2,0,0,0,0,0,0,0,2,0.0,2.0,2.0,0.0,1,0.00,0.01,0.01,1.70,1,False,2,Sunderland,MID,55,Sunderland,Brentford,0,3,False,Brentford,1
Dejan Kulusevski,521,0,0,0,0,0,0,0,0,0,0,0,0,0,0.0,0.0,0.0,0.0,0,0.00,0.00,0.00,0.00,0,False,2,Sunderland,MID,65,Sunderland,Brentford,0,3,False,Brentford,1
Archie Gray,522,85,0,0,0,3,0,0,0,0,0,0,0,15,6.2,3.3,0.0,1.0,1,0.00,0.01,0.01,3.43,2,False,2,Sunderland,MID,50,Sunderland,Brentford,0,3,False,Brentford,1
Mikey Moore,523,67,0,0,0,3,0,0,0,0,0,0,0,10,14.2,5.9,55.0,7.5,1,0.38,0.02,0.40,3.02,2,False,2,Sunderland,MID,50,Sunderland,Brentford,0,3,False,Brentford,1
Callum Olusesi,524,0,0,0,0,0,0,0,0,0,0,0,0,0,0.0,0.0,0.0,0.0,0,0.00,0.00,0.00,0.00,0,False,2,Sunderland,MID,45,Sunderland,Brentford,0,3,False,Brentford,1
Mateus Fernandes,525,45,0,0,0,1,0,0,0,0,0,0,0,16,7.2,27.2,2.0,3.6,0,0.00,0.06,0.06,2.18,1,False,2,Sunderland,MID,60,Sunderland,Brentford,0,3,False,Brentford,1
Dominic Solanke-Mitchell,526,22,0,0,0,0,0,0,0,0,0,0,0,3,0.0,0.0,5.0,0.5,0,0.07,0.00,0.07,0.85,1,False,2,Sunderland,FWD,60,Sunderland,Brentford,0,3,False,Brentford,1
Richarlison de Andrade,527,67,0,0,0,3,0,0,0,0,0,0,0,6,0.0,2.2,0.0,0.2,1,0.00,0.00,0.00,3.02,2,False,2,Sunderland,FWD,60,Sunderland,Brentford,0,3,False,Brentford,1
Dane Scarlett,528,0,0,0,0,0,0,0,0,0,0,0,0,0,0.0,0.0,0.0,0.0,0,0.00,0.00,0.00,0.00,0,False,2,Sunderland,FWD,45,Sunderland,Brentford,0,3,False,Brentford,1
Robin Roefs,529,90,0,0,0,2,0,0,0,0,0,1,0,7,15.2,0.0,0.0,1.5,1,0.00,0.00,0.00,1.80,1,False,5,Tottenham,GK,50,Tottenham,Ipswich Town,1,2,False,Ipswich Town,1
Anthony Patterson,530,0,0,0,0,0,0,0,0,0,0,0,0,0,0.0,0.0,0.0,0.0,0,0.00,0.00,0.00,0.00,0,False,5,Tottenham,GK,40,Tottenham,Ipswich Town,1,2,False,Ipswich Town,1
Melker Ellborg,531,0,0,0,0,0,0,0,0,0,0,0,0,0,0.0,0.0,0.0,0.0,0,0.00,0.00,0.00,0.00,0,False,5,Tottenham,GK,45,Tottenham,Ipswich Town,1,2,False,Ipswich Town,1
Daniel Ballard,532,90,0,0,0,2,0,0,0,1,0,0,0,4,18.2,1.2,0.0,1.9,1,0.00,0.01,0.01,1.80,0,False,5,Tottenham,DEF,50,Tottenham,Ipswich Town,1,2,False,Ipswich Town,1
Nordi Mukiele,533,0,0,0,0,0,0,0,0,0,0,0,0,0,0.0,0.0,0.0,0.0,0,0.00,0.00,0.00,0.00,0,False,5,Tottenham,DEF,55,Tottenham,Ipswich Town,1,2,False,Ipswich Town,1
Trai Hume,534,79,0,0,0,1,0,0,0,0,0,0,0,14,9.4,39.4,13.0,6.2,1,0.04,0.27,0.31,1.69,2,False,5,Tottenham,DEF,45,Tottenham,Ipswich Town,1,2,False,Ipswich Town,1
Omar Alderete,535,23,0,0,0,1,0,0,0,0,0,0,0,2,0.0,0.6,0.0,0.0,0,0.00,0.01,0.01,0.10,1,False,5,Tottenham,DEF,50,Tottenham,Ipswich Town,1,2,False,Ipswich Town,1
Reinildo Mandava,536,90,0,0,0,2,0,0,0,0,0,0,0,9,23.0,27.5,4.0,5.5,1,0.00,0.29,0.29,1.80,1,False,5,Tottenham,DEF,45,Tottenham,Ipswich Town,1,2,False,Ipswich Town,1
Jenson Seelt,537,0,0,0,0,0,0,0,0,0,0,0,0,0,0.0,0.0,0.0,0.0,0,0.00,0.00,0.00,0.00,0,False,5,Tottenham,DEF,45,Tottenham,Ipswich Town,1,2,False,Ipswich Town,1
Leo Fuhr Hjelde,538,0,0,0,0,0,0,0,0,0,0,0,0,0,0.0,0.0,0.0,0.0,0,0.00,0.00,0.00,0.00,0,False,5,Tottenham,DEF,40,Tottenham,Ipswich Town,1,2,False,Ipswich Town,1
Luke O'Nien,539,66,0,0,0,1,0,0,0,1,0,0,0,1,11.4,1.4,4.0,1.7,1,0.01,0.01,0.02,1.69,1,False,5,Tottenham,DEF,40,Tottenham,Ipswich Town,1,2,False,Ipswich Town,1
Arthur Masuaku,540,0,0,0,0,0,0,0,0,0,0,0,0,0,0.0,0.0,0.0,0.0,0,0.00,0.00,0.00,0.00,0,False,5,Tottenham,DEF,40,Tottenham,Ipswich Town,1,2,False,Ipswich Town,1
Thomas Meunier,541,90,0,0,0,2,0,0,0,0,0,0,0,5,13.8,5.3,11.0,3.0,1,0.08,0.08,0.16,1.80,1,False,5,Tottenham,DEF,45,Tottenham,Ipswich Town,1,2,False,Ipswich Town,1
Enzo Le Fée,542,79,0,0,0,1,0,0,0,0,0,0,0,13,4.6,9.9,0.0,1.5,1,0.00,0.03,0.03,1.69,2,False,5,Tottenham,MID,60,Tottenham,Ipswich Town,1,2,False,Ipswich Town,1
Habib Diarra,543,10,0,0,0,1,0,0,0,0,0,0,0,3,0.4,0.6,2.0,0.3,0,0.03,0.00,0.03,0.10,1,False,5,Tottenham,MID,55,Tottenham,Ipswich Town,1,2,False,Ipswich Town,1
Granit Xhaka,544,90,0,1,0,2,0,0,0,0,0,0,2,31,18.8,31.4,0.0,5.0,1,0.00,0.09,0.09,1.80,9,False,5,Tottenham,MID,55,Tottenham,Ipswich Town,1,2,False,Ipswich Town,1
Noah Sadiki,545,90,0,0,0,2,0,0,0,0,0,0,0,18,14.6,32.1,25.0,7.2,1,0.06,0.03,0.09,1.80,2,False,5,Tottenham,MID,50,Tottenham,Ipswich Town,1,2,False,Ipswich Town,1
Simon Adingra,546,0,0,0,0,0,0,0,0,0,0,0,0,0,0.0,0.0,0.0,0.0,0,0.00,0.00,0.00,0.00,0,False,5,Tottenham,MID,50,Tottenham,Ipswich Town,1,2,False,Ipswich Town,1
Romaine Mundle,547,0,0,0,0,0,0,0,0,0,0,0,0,0,0.0,0.0,0.0,0.0,0,0.00,0.00,0.00,0.00,0,False,5,Tottenham,MID,50,Tottenham,Ipswich Town,1,2,False,Ipswich Town,1
Chris Rigg,548,10,0,0,0,1,0,0,0,0,0,0,0,3,0.0,0.3,0.0,0.0,0,0.00,0.00,0.00,0.10,1,False,5,Tottenham,MID,50,Tottenham,Ipswich Town,1,2,False,Ipswich Town,1
Chemsdine Talbi,549,31,0,0,0,1,0,0,0,0,0,0,0,1,0.0,0.9,0.0,0.0,0,0.00,0.00,0.00,0.14,1,False,5,Tottenham,MID,55,Tottenham,Ipswich Town,1,2,False,Ipswich Town,1
Djiamgone Jocelin Ta Bi,550,0,0,0,0,0,0,0,0,0,0,0,0,0,0.0,0.0,0.0,0.0,0,0.00,0.00,0.00,0.00,0,False,5,Tottenham,MID,50,Tottenham,Ipswich Town,1,2,False,Ipswich Town,1
Nilson Angulo,551,58,1,0,0,1,0,0,0,1,0,0,0,23,32.8,3.3,16.0,5.2,1,0.15,0.01,0.16,1.66,5,False,5,Tottenham,MID,50,Tottenham,Ipswich Town,1,2,False,Ipswich Town,1
Brian Brobbey,552,66,0,0,0,1,0,0,0,0,0,0,0,1,0.0,1.5,9.0,1.1,1,0.30,0.00,0.30,1.69,2,False,5,Tottenham,FWD,60,Tottenham,Ipswich Town,1,2,False,Ipswich Town,1
Wilson Isidor,553,23,0,0,0,1,0,0,0,0,0,0,0,3,0.0,0.2,0.0,0.0,0,0.00,0.00,0.00,0.10,1,False,5,Tottenham,FWD,55,Tottenham,Ipswich Town,1,2,False,Ipswich Town,1
Kayne van Oevelen,554,0,0,0,0,0,0,0,0,0,0,0,0,0,0.0,0.0,0.0,0.0,0,0.00,0.00,0.00,0.00,0,False,5,Ipswich Town,GK,45,Tottenham,Ipswich Town,1,2,True,Tottenham,1
Remi Matthews,555,0,0,0,0,0,0,0,0,0,0,0,0,0,0.0,0.0,0.0,0.0,0,0.00,0.00,0.00,0.00,0,False,3,Crystal Palace,GK,40,Crystal Palace,Everton,0,2,False,Everton,1
Matt Targett,556,5,0,0,0,0,0,0,0,0,0,0,0,3,0.4,0.0,0.0,0.0,0,0.00,0.00,0.00,0.07,1,False,4,Hull City,DEF,40,Manchester United,Hull City,0,2,True,Manchester United,1
Christos Tzolis,557,75,0,1,1,0,0,0,0,0,0,0,0,30,17.0,39.8,30.0,8.7,1,0.19,0.14,0.33,0.06,6,False,1,Arsenal,MID,65,Coventry City,Arsenal,0,3,True,Coventry City,1
Xaver Schlager,558,16,0,0,0,1,0,0,0,0,0,0,0,3,0.6,1.0,2.0,0.4,0,0.00,0.00,0.00,0.13,1,False,6,Nottingham,MID,50,Leeds United,Nottingham,1,0,True,Leeds United,1
Aladji Bamba,559,14,0,0,0,1,0,0,0,0,0,0,0,5,4.0,0.0,0.0,0.4,0,0.00,0.00,0.00,1.04,1,False,9,Newcastle,MID,50,Liverpool,Newcastle,2,2,True,Liverpool,1
Mike Penders,560,0,0,0,0,0,0,0,0,0,0,0,0,0,0.0,0.0,0.0,0.0,0,0.00,0.00,0.00,0.00,0,False,10,Chelsea,GK,45,Chelsea,Fulham,3,2,False,Fulham,1
Aaron Anselmino,561,0,0,0,0,0,0,0,0,0,0,0,0,0,0.0,0.0,0.0,0.0,0,0.00,0.00,0.00,0.00,0,False,10,Chelsea,DEF,45,Chelsea,Fulham,3,2,False,Fulham,1
Daizen Maeda,562,79,0,0,0,1,0,0,0,0,0,0,0,7,12.6,1.4,7.0,2.1,1,0.61,0.00,0.61,0.63,2,False,5,Ipswich Town,MID,55,Tottenham,Ipswich Town,1,2,True,Tottenham,1
Hidemasa Morita,563,0,0,0,0,0,0,0,0,0,0,0,0,0,0.0,0.0,0.0,0.0,0,0.00,0.00,0.00,0.00,0,False,4,Hull City,MID,50,Manchester United,Hull City,0,2,True,Manchester United,1
Kjell Scherpen,564,90,0,0,0,1,0,0,0,0,0,2,0,12,14.4,0.0,0.0,1.4,1,0.00,0.00,0.00,0.66,2,False,5,Ipswich Town,GK,45,Tottenham,Ipswich Town,1,2,True,Tottenham,1
Mamadou Sangaré,565,75,0,2,1,0,0,0,0,0,0,0,3,41,31.6,21.8,21.0,7.4,1,0.05,0.33,0.38,0.47,14,True,2,Brentford,MID,55,Sunderland,Brentford,0,3,True,Sunderland,1
António João Pereira de Albuquerque Tavares da Silva,566,90,0,0,0,2,0,0,0,1,0,0,0,5,31.4,0.3,0.0,3.2,1,0.00,0.00,0.00,2.25,2,False,8,Bournemouth,DEF,50,Bournemouth,Manchester City,1,2,False,Manchester City,1
Lukás Hornícek,567,90,0,0,0,2,0,0,0,1,0,5,0,12,41.2,0.0,0.0,4.1,1,0.00,0.00,0.00,2.98,1,False,9,Newcastle,GK,50,Liverpool,Newcastle,2,2,True,Liverpool,1
Valentín Barco,568,0,0,0,0,0,0,0,0,0,0,0,0,0,0.0,0.0,0.0,0.0,0,0.00,0.00,0.00,0.00,0,False,10,Chelsea,MID,55,Chelsea,Fulham,3,2,False,Fulham,1
Gonzalo García,569,90,1,0,0,3,0,0,0,0,0,0,0,33,37.2,4.3,40.0,8.2,1,0.73,0.01,0.74,2.24,6,False,10,Fulham,FWD,60,Chelsea,Fulham,3,2,True,Chelsea,1
César Palacios,570,72,0,0,0,3,0,0,0,0,0,0,0,10,2.8,7.3,8.0,1.8,1,0.16,0.01,0.17,2.21,2,False,10,Fulham,MID,55,Chelsea,Fulham,3,2,True,Chelsea,1
Florentino Ibrain Morris Luís,571,0,0,0,0,0,0,0,0,0,0,0,0,0,0.0,0.0,0.0,0.0,0,0.00,0.00,0.00,0.00,0,False,5,Ipswich Town,MID,50,Tottenham,Ipswich Town,1,2,True,Tottenham,1
Konstantinos Tzolakis,572,90,0,0,1,0,0,0,0,0,0,5,3,41,34.6,0.0,0.0,3.5,1,0.00,0.00,0.00,1.83,10,True,4,Hull City,GK,45,Manchester United,Hull City,0,2,True,Manchester United,1
Juanlu Sánchez,573,0,0,0,0,0,0,0,0,0,0,0,0,0,0.0,0.0,0.0,0.0,0,0.00,0.00,0.00,0.00,0,False,8,Bournemouth,DEF,45,Bournemouth,Manchester City,1,2,False,Manchester City,1
Jens Hjertø-Dahl,574,0,0,0,0,0,0,0,0,0,0,0,0,0,0.0,0.0,0.0,0.0,0,0.00,0.00,0.00,0.00,0,False,4,Hull City,MID,50,Manchester United,Hull City,0,2,True,Manchester United,1
Caleb Yirenkyi,575,61,0,0,0,3,0,0,0,1,0,0,0,2,0.0,3.1,0.0,0.0,1,0.00,0.00,0.00,1.56,1,False,1,Coventry City,MID,50,Coventry City,Arsenal,0,3,False,Arsenal,1
Elliot Stroud,576,70,0,0,1,0,0,0,0,0,0,0,0,11,8.4,4.8,0.0,1.3,1,0.00,0.03,0.03,1.16,3,False,4,Hull City,MID,50,Manchester United,Hull City,0,2,True,Manchester United,1
Takehiro Tomiyasu,577,18,0,0,0,0,0,0,0,0,0,0,0,3,2.4,2.4,0.0,0.5,0,0.00,0.01,0.01,0.14,1,False,3,Crystal Palace,DEF,45,Crystal Palace,Everton,0,2,False,Everton,1
Mykhailo Mudryk,578,0,0,0,0,0,0,0,0,0,0,0,0,0,0.0,0.0,0.0,0.0,0,0.00,0.00,0.00,0.00,0,False,10,Chelsea,MID,55,Chelsea,Fulham,3,2,False,Fulham,1
Ronald Araujo,579,20,0,0,0,0,0,0,0,0,0,0,0,3,13.2,1.2,0.0,1.4,0,0.00,0.03,0.03,0.54,1,False,9,Liverpool,DEF,55,Liverpool,Newcastle,2,2,False,Newcastle,1
Shea Charles,580,23,0,0,0,0,0,0,0,0,0,0,0,5,3.4,1.3,0.0,0.5,0,0.00,0.00,0.00,0.03,1,False,10,Fulham,MID,50,Chelsea,Fulham,3,2,True,Chelsea,1
Ousmane Diomande,581,0,0,0,0,0,0,0,0,0,0,0,0,0,0.0,0.0,0.0,0.0,0,0.00,0.00,0.00,0.00,0,False,6,Nottingham,DEF,55,Leeds United,Nottingham,1,0,True,Leeds United,1
Brian Madjo,582,0,0,0,0,0,0,0,0,0,0,0,0,0,0.0,0.0,0.0,0.0,0,0.00,0.00,0.00,0.00,0,False,7,Aston Villa,FWD,55,Aston Villa,Brighton,0,4,False,Brighton,1
Pep Chavarría,583,25,0,0,0,0,0,0,0,0,0,0,0,3,2.4,0.2,2.0,0.5,0,0.00,0.00,0.00,0.28,1,False,10,Chelsea,DEF,50,Chelsea,Fulham,3,2,False,Fulham,1
Gustavo Hamer,584,8,0,0,0,0,0,0,0,0,0,0,0,3,0.4,0.3,0.0,0.1,0,0.00,0.00,0.00,0.13,1,False,1,Coventry City,MID,55,Coventry City,Arsenal,0,3,False,Arsenal,1
Lucas Herrington,585,26,0,0,0,0,0,0,0,0,0,0,0,4,8.0,0.0,0.0,0.8,0,0.00,0.00,0.00,0.96,1,False,4,Hull City,DEF,40,Manchester United,Hull City,0,2,True,Manchester United,1
Nobel Mendy,586,63,1,0,1,0,0,0,0,0,0,0,1,35,51.8,0.6,33.0,8.5,1,0.28,0.00,0.28,0.86,15,True,4,Hull City,DEF,40,Manchester United,Hull City,0,2,True,Manchester United,1
Gerónimo Rulli,587,0,0,0,0,0,0,0,0,0,0,0,0,0,0.0,0.0,0.0,0.0,0,0.00,0.00,0.00,0.00,0,False,8,Manchester City,GK,50,Bournemouth,Manchester City,1,2,True,Bournemouth,1
Anan Khalaili,588,35,0,0,0,0,0,0,0,0,0,0,0,12,24.0,26.5,4.0,5.5,0,0.00,0.16,0.16,0.27,1,False,3,Crystal Palace,DEF,50,Crystal Palace,Everton,0,2,False,Everton,1
Lucas Gourna-Douath,589,0,0,0,0,0,0,0,0,0,0,0,0,0,0.0,0.0,0.0,0.0,0,0.00,0.00,0.00,0.00,0,False,4,Hull City,MID,50,Manchester United,Hull City,0,2,True,Manchester United,1
Steven Benda,590,0,0,0,0,0,0,0,0,0,0,0,0,0,0.0,0.0,0.0,0.0,0,0.00,0.00,0.00,0.00,0,False,6,Nottingham,GK,45,Leeds United,Nottingham,1,0,True,Leeds United,1
Julio Enciso,591,70,0,1,0,1,0,0,0,0,0,0,0,24,21.6,14.0,18.0,5.4,1,0.23,0.31,0.54,0.63,5,False,5,Ipswich Town,MID,55,Tottenham,Ipswich Town,1,2,True,Tottenham,1
Abdoul Ouattara,592,10,0,0,0,0,0,0,0,0,0,0,0,4,5.2,10.0,0.0,1.5,0,0.00,0.00,0.00,0.03,1,False,5,Ipswich Town,DEF,40,Tottenham,Ipswich Town,1,2,True,Tottenham,1
Amar Dedic,593,90,0,0,0,2,0,0,0,0,0,0,0,-1,16.4,1.2,5.0,2.3,1,0.03,0.00,0.03,2.98,1,False,9,Newcastle,DEF,45,Liverpool,Newcastle,2,2,True,Liverpool,1
Promise David,594,0,0,0,0,0,0,0,0,0,0,0,0,0,0.0,0.0,0.0,0.0,0,0.00,0.00,0.00,0.00,0,False,7,Brighton,FWD,60,Aston Villa,Brighton,0,4,True,Aston Villa,1
Zavier Gozo,595,0,0,0,0,0,0,0,0,0,0,0,0,0,0.0,0.0,0.0,0.0,0,0.00,0.00,0.00,0.00,0,False,3,Crystal Palace,MID,50,Crystal Palace,Everton,0,2,False,Everton,1
Matteo Ruggeri,596,8,0,0,0,0,0,0,0,0,0,0,0,3,4.0,0.0,0.0,0.4,0,0.00,0.00,0.00,0.14,1,False,7,Aston Villa,DEF,45,Aston Villa,Brighton,0,4,False,Brighton,1
Zion Suzuki,597,0,0,0,0,0,0,0,0,0,0,0,0,0,0.0,0.0,0.0,0.0,0,0.00,0.00,0.00,0.00,0,False,7,Aston Villa,GK,50,Aston Villa,Brighton,0,4,False,Brighton,1
Nico Elvedi,598,0,0,0,0,0,0,0,0,0,0,0,0,0,0.0,0.0,0.0,0.0,0,0.00,0.00,0.00,0.00,0,False,6,Leeds United,DEF,45,Leeds United,Nottingham,1,0,False,Nottingham,1
Sidiki Cherif,599,0,0,0,0,0,0,0,0,0,0,0,0,0,0.0,0.0,0.0,0.0,0,0.00,0.00,0.00,0.00,0,False,1,Coventry City,FWD,50,Coventry City,Arsenal,0,3,False,Arsenal,1
Ibrahim Osman,600,12,0,0,0,0,0,0,0,0,0,0,0,7,4.2,15.4,4.0,2.4,0,0.00,0.05,0.05,0.00,1,False,7,Brighton,MID,50,Aston Villa,Brighton,0,4,True,Aston Villa,1
Luca Williams-Barnett,601,0,0,0,0,0,0,0,0,0,0,0,0,0,0.0,0.0,0.0,0.0,0,0.00,0.00,0.00,0.00,0,False,2,Sunderland,MID,45,Sunderland,Brentford,0,3,False,Brentford,1
Cameron Humphreys,602,0,0,0,0,0,0,0,0,0,0,0,0,0,0.0,0.0,0.0,0.0,0,0.00,0.00,0.00,0.00,0,False,5,Ipswich Town,MID,45,Tottenham,Ipswich Town,1,2,True,Tottenham,1
Jayden Lienou,603,0,0,0,0,0,0,0,0,0,0,0,0,0,0.0,0.0,0.0,0.0,0,0.00,0.00,0.00,0.00,0,False,6,Leeds United,DEF,40,Leeds United,Nottingham,1,0,False,Nottingham,1
Alfie Cresswell,604,0,0,0,0,0,0,0,0,0,0,0,0,0,0.0,0.0,0.0,0.0,0,0.00,0.00,0.00,0.00,0,False,6,Leeds United,MID,45,Leeds United,Nottingham,1,0,False,Nottingham,1
Malick Yalcouyé,605,4,0,0,0,0,0,0,0,0,0,0,0,3,0.6,2.7,0.0,0.3,0,0.00,0.01,0.01,0.00,1,False,7,Brighton,MID,45,Aston Villa,Brighton,0,4,True,Aston Villa,1
Triston Rowe,606,0,0,0,0,0,0,0,0,0,0,0,0,0,0.0,0.0,0.0,0.0,0,0.00,0.00,0.00,0.00,0,False,7,Aston Villa,DEF,40,Aston Villa,Brighton,0,4,False,Brighton,1
Luka Lynch,607,0,0,0,0,0,0,0,0,0,0,0,0,0,0.0,0.0,0.0,0.0,0,0.00,0.00,0.00,0.00,0,False,7,Aston Villa,MID,45,Aston Villa,Brighton,0,4,False,Brighton,1
Daniel Jebbison,608,15,0,0,0,2,0,0,0,0,0,0,0,6,3.4,0.8,17.0,2.1,0,0.10,0.00,0.10,0.31,1,False,8,Bournemouth,FWD,50,Bournemouth,Manchester City,1,2,False,Manchester City,1
Leo Shahar,609,0,0,0,0,0,0,0,0,0,0,0,0,0,0.0,0.0,0.0,0.0,0,0.00,0.00,0.00,0.00,0,False,9,Newcastle,DEF,40,Liverpool,Newcastle,2,2,True,Liverpool,1
Luc De Fougerolles,610,0,0,0,0,0,0,0,0,0,0,0,0,0,0.0,0.0,0.0,0.0,0,0.00,0.00,0.00,0.00,0,False,10,Fulham,DEF,40,Chelsea,Fulham,3,2,True,Chelsea,1
